-- INSERT INTO users (name, email, password_hash, address, unit, postal, phone, is_deleted) VALUES('Agatha', 'agatha@gmail.com', '5e884898da28047151d0e56f8dc6292773603d0d6aabbdd62a11ef721d1542d8','1 Claymore Hill', '#01-01', '229572', '62223888', 'false') RETURNING *;
-- INSERT INTO users (name, email, password_hash, address, unit, postal, phone, is_deleted) VALUES('Henckels', 'henckels@gmail.com', '5e884898da28047151d0e56f8dc6292773603d0d6aabbdd62a11ef721d1542d8','2 Claymore Hill', '#02-02', '229572', '62223888', 'false') RETURNING *;
-- INSERT INTO users (name, email, password_hash, address, unit, postal, phone, is_deleted) VALUES('Clotilde', 'clotilde@gmail.com', '5e884898da28047151d0e56f8dc6292773603d0d6aabbdd62a11ef721d1542d8','3 Claymore Hill', '#3-03', '229572', '62223888', 'false') RETURNING *;
-- INSERT INTO users (name, email, password_hash, address, unit, postal, phone, is_deleted) VALUES('Dmitri', 'dmitri@gmail.com', '5e884898da28047151d0e56f8dc6292773603d0d6aabbdd62a11ef721d1542d8','4 Claymore Hill', '#04-04', '229572', '62223888', 'false') RETURNING *;
-- INSERT INTO users (name, email, password_hash, address, unit, postal, phone, is_deleted) VALUES('Gustave', 'gustave@gmail.com', '5e884898da28047151d0e56f8dc6292773603d0d6aabbdd62a11ef721d1542d8','5 Claymore Hill', '#05-05', '229572', '62223888', 'false') RETURNING *;
-- INSERT INTO users (name, email, password_hash, address, unit, postal, phone, is_deleted) VALUES('Kovacs', 'kovacs@gmail.com', '5e884898da28047151d0e56f8dc6292773603d0d6aabbdd62a11ef721d1542d8','6 Claymore Hill', '#06-06', '229572', '62223888', 'false') RETURNING *;
-- INSERT INTO users (name, email, password_hash, address, unit, postal, phone, is_deleted) VALUES('Olivia', 'olivia@gmail.com', '5e884898da28047151d0e56f8dc6292773603d0d6aabbdd62a11ef721d1542d8','7 Claymore Hill', '#07-07', '229572', '62223888', 'false') RETURNING *;
-- INSERT INTO users (name, email, password_hash, address, unit, postal, phone, is_deleted) VALUES('Timothee', 'timothee@gmail.com', '5e884898da28047151d0e56f8dc6292773603d0d6aabbdd62a11ef721d1542d8','8 Claymore Hill', '#08-08', '229572', '62223888', 'false') RETURNING *;
-- INSERT INTO users (name, email, password_hash, address, unit, postal, phone, is_deleted) VALUES('Suzy', 'suzy@gmail.com', '5e884898da28047151d0e56f8dc6292773603d0d6aabbdd62a11ef721d1542d8','9 Claymore Hill', '#09-09', '229572', '62223888', 'false') RETURNING *;
-- INSERT INTO users (name, email, password_hash, address, unit, postal, phone, is_deleted) VALUES('Lionel', 'lionel@gmail.com', '5e884898da28047151d0e56f8dc6292773603d0d6aabbdd62a11ef721d1542d8','10 Claymore Hill', '#10-10', '229572', '62223888', 'false') RETURNING *;
-- INSERT INTO users (name, email, password_hash, address, unit, postal, phone, is_deleted) VALUES('Jed', 'jed@gmail.com', '5e884898da28047151d0e56f8dc6292773603d0d6aabbdd62a11ef721d1542d8','11 Claymore Hill', '#11-11', '229572', '62223888', 'false') RETURNING *;
-- INSERT INTO users (name, email, password_hash, address, unit, postal, phone, is_deleted) VALUES('Becky', 'becky@gmail.com', '5e884898da28047151d0e56f8dc6292773603d0d6aabbdd62a11ef721d1542d8','12 Claymore Hill', '#12-12', '229572', '62223888', 'false') RETURNING *;
-- INSERT INTO users (name, email, password_hash, address, unit, postal, phone, is_deleted) VALUES('Rudy', 'rudy@gmail.com', '5e884898da28047151d0e56f8dc6292773603d0d6aabbdd62a11ef721d1542d8','13 Claymore Hill', '#13-13', '229572', '62223888', 'false') RETURNING *;
-- INSERT INTO users (name, email, password_hash, address, unit, postal, phone, is_deleted) VALUES('Edgar', 'edgar@gmail.com', '5e884898da28047151d0e56f8dc6292773603d0d6aabbdd62a11ef721d1542d8','14 Claymore Hill', '#14-14', '229572', '62223888', 'false') RETURNING *;
-- INSERT INTO users (name, email, password_hash, address, unit, postal, phone, is_deleted) VALUES('Dakota', 'dakota@gmail.com', '5e884898da28047151d0e56f8dc6292773603d0d6aabbdd62a11ef721d1542d8','15 Claymore Hill', '#15-15', '229572', '62223888', 'false') RETURNING *;
-- INSERT INTO users (name, email, password_hash, address, unit, postal, phone, is_deleted) VALUES('Noah', 'noah@gmail.com', '5e884898da28047151d0e56f8dc6292773603d0d6aabbdd62a11ef721d1542d8','16 Claymore Hill', '#16-16', '229572', '62223888', 'false') RETURNING *;

-- INSERT INTO categories (name) VALUES('Chocolate') RETURNING *;
-- INSERT INTO categories (name) VALUES('Candy') RETURNING *;
-- INSERT INTO categories (name) VALUES('Biscuit') RETURNING *;
-- INSERT INTO categories (name) VALUES('Cookie') RETURNING *;
-- INSERT INTO categories (name) VALUES('Cracker') RETURNING *;
-- INSERT INTO categories (name) VALUES('Mint') RETURNING *;
-- INSERT INTO categories (name) VALUES('Gummy') RETURNING *;
-- INSERT INTO categories (name) VALUES('Savoury') RETURNING *;
-- INSERT INTO categories (name) VALUES('Beverage') RETURNING *;

-- -- Chocolate
-- INSERT INTO brands (name, img) VALUES('Whittakers','https://www.loackerusa.com/uploads/pics/Home_Schokotafeln_Teaser_M_01.jpg') RETURNING *;
-- INSERT INTO brands (name, img) VALUES('Loacker','https://www.loackerusa.com/uploads/pics/Home_Schokotafeln_Teaser_M_01.jpg') RETURNING *;
-- INSERT INTO brands (name, img) VALUES('Michael Cluizel','https://www.loackerusa.com/uploads/pics/Home_Schokotafeln_Teaser_M_01.jpg') RETURNING *;
-- INSERT INTO brands (name, img) VALUES('Lindt','https://www.loackerusa.com/uploads/pics/Home_Schokotafeln_Teaser_M_01.jpg') RETURNING *;
-- INSERT INTO brands (name, img) VALUES('Ritter Sport','https://www.loackerusa.com/uploads/pics/Home_Schokotafeln_Teaser_M_01.jpg') RETURNING *;
-- INSERT INTO brands (name, img) VALUES('Guylian','https://www.loackerusa.com/uploads/pics/Home_Schokotafeln_Teaser_M_01.jpg') RETURNING *;
-- -- Candy
-- INSERT INTO brands (name, img) VALUES('Nimm2','https://www.loackerusa.com/uploads/pics/Home_Schokotafeln_Teaser_M_01.jpg') RETURNING *;
-- INSERT INTO brands (name, img) VALUES('Mrs Bridges','https://www.loackerusa.com/uploads/pics/Home_Schokotafeln_Teaser_M_01.jpg') RETURNING *;
-- INSERT INTO brands (name, img) VALUES('Werthers Original','https://www.loackerusa.com/uploads/pics/Home_Schokotafeln_Teaser_M_01.jpg') RETURNING *;
-- INSERT INTO brands (name, img) VALUES('Jelly Bean','https://www.loackerusa.com/uploads/pics/Home_Schokotafeln_Teaser_M_01.jpg') RETURNING *;
-- INSERT INTO brands (name, img) VALUES('Bourbon','https://www.loackerusa.com/uploads/pics/Home_Schokotafeln_Teaser_M_01.jpg') RETURNING *;
-- INSERT INTO brands (name, img) VALUES('Morinaga','https://www.loackerusa.com/uploads/pics/Home_Schokotafeln_Teaser_M_01.jpg') RETURNING *;
-- -- Biscuit
-- INSERT INTO brands (name, img) VALUES('Maretti','https://www.loackerusa.com/uploads/pics/Home_Schokotafeln_Teaser_M_01.jpg') RETURNING *;
-- INSERT INTO brands (name, img) VALUES('Delfi','https://www.loackerusa.com/uploads/pics/Home_Schokotafeln_Teaser_M_01.jpg') RETURNING *;
-- INSERT INTO brands (name, img) VALUES('Pocky','https://www.loackerusa.com/uploads/pics/Home_Schokotafeln_Teaser_M_01.jpg') RETURNING *;
-- INSERT INTO brands (name, img) VALUES('Meiji','https://www.loackerusa.com/uploads/pics/Home_Schokotafeln_Teaser_M_01.jpg') RETURNING *;
-- INSERT INTO brands (name, img) VALUES('Lotte','https://www.loackerusa.com/uploads/pics/Home_Schokotafeln_Teaser_M_01.jpg') RETURNING *;
-- INSERT INTO brands (name, img) VALUES('Kambly','https://www.loackerusa.com/uploads/pics/Home_Schokotafeln_Teaser_M_01.jpg') RETURNING *;
-- -- Cookie
-- INSERT INTO brands (name, img) VALUES('Archway','https://www.loackerusa.com/uploads/pics/Home_Schokotafeln_Teaser_M_01.jpg') RETURNING *;
-- INSERT INTO brands (name, img) VALUES('Oreo','https://www.loackerusa.com/uploads/pics/Home_Schokotafeln_Teaser_M_01.jpg') RETURNING *;
-- INSERT INTO brands (name, img) VALUES('Chips Ahoy','https://www.loackerusa.com/uploads/pics/Home_Schokotafeln_Teaser_M_01.jpg') RETURNING *;
-- INSERT INTO brands (name, img) VALUES('Famous Amos','https://www.loackerusa.com/uploads/pics/Home_Schokotafeln_Teaser_M_01.jpg') RETURNING *;
-- INSERT INTO brands (name, img) VALUES('Merba','https://www.loackerusa.com/uploads/pics/Home_Schokotafeln_Teaser_M_01.jpg') RETURNING *;
-- INSERT INTO brands (name, img) VALUES('Hellema','https://www.loackerusa.com/uploads/pics/Home_Schokotafeln_Teaser_M_01.jpg') RETURNING *;
-- -- Cracker
-- INSERT INTO brands (name, img) VALUES('Ritz','https://www.loackerusa.com/uploads/pics/Home_Schokotafeln_Teaser_M_01.jpg') RETURNING *;
-- INSERT INTO brands (name, img) VALUES('Nasco','https://www.loackerusa.com/uploads/pics/Home_Schokotafeln_Teaser_M_01.jpg') RETURNING *;
-- INSERT INTO brands (name, img) VALUES('Capeachios','https://www.loackerusa.com/uploads/pics/Home_Schokotafeln_Teaser_M_01.jpg') RETURNING *;
-- INSERT INTO brands (name, img) VALUES('Jacobs','https://www.loackerusa.com/uploads/pics/Home_Schokotafeln_Teaser_M_01.jpg') RETURNING *;
-- INSERT INTO brands (name, img) VALUES('Goldfish','https://www.loackerusa.com/uploads/pics/Home_Schokotafeln_Teaser_M_01.jpg') RETURNING *;
-- INSERT INTO brands (name, img) VALUES('Munchys','https://www.loackerusa.com/uploads/pics/Home_Schokotafeln_Teaser_M_01.jpg') RETURNING *;
-- -- Mint
-- INSERT INTO brands (name, img) VALUES('Impact Mint','https://www.loackerusa.com/uploads/pics/Home_Schokotafeln_Teaser_M_01.jpg') RETURNING *;
-- INSERT INTO brands (name, img) VALUES('Eclipse','https://www.loackerusa.com/uploads/pics/Home_Schokotafeln_Teaser_M_01.jpg') RETURNING *;
-- INSERT INTO brands (name, img) VALUES('Mentos','https://www.loackerusa.com/uploads/pics/Home_Schokotafeln_Teaser_M_01.jpg') RETURNING *;
-- INSERT INTO brands (name, img) VALUES('Hudsons','https://www.loackerusa.com/uploads/pics/Home_Schokotafeln_Teaser_M_01.jpg') RETURNING *;
-- INSERT INTO brands (name, img) VALUES('Altoids','https://www.loackerusa.com/uploads/pics/Home_Schokotafeln_Teaser_M_01.jpg') RETURNING *;
-- INSERT INTO brands (name, img) VALUES('Tic Tac','https://www.loackerusa.com/uploads/pics/Home_Schokotafeln_Teaser_M_01.jpg') RETURNING *;
-- -- Gummy
-- INSERT INTO brands (name, img) VALUES('Nimm2 Gummie','https://www.loackerusa.com/uploads/pics/Home_Schokotafeln_Teaser_M_01.jpg') RETURNING *;
-- INSERT INTO brands (name, img) VALUES('Haribo','https://www.loackerusa.com/uploads/pics/Home_Schokotafeln_Teaser_M_01.jpg') RETURNING *;
-- INSERT INTO brands (name, img) VALUES('Albanese','https://www.loackerusa.com/uploads/pics/Home_Schokotafeln_Teaser_M_01.jpg') RETURNING *;
-- INSERT INTO brands (name, img) VALUES('Black Forest','https://www.loackerusa.com/uploads/pics/Home_Schokotafeln_Teaser_M_01.jpg') RETURNING *;
-- INSERT INTO brands (name, img) VALUES('The Natural','https://www.loackerusa.com/uploads/pics/Home_Schokotafeln_Teaser_M_01.jpg') RETURNING *;
-- INSERT INTO brands (name, img) VALUES('Skittles','https://www.loackerusa.com/uploads/pics/Home_Schokotafeln_Teaser_M_01.jpg') RETURNING *;
-- -- Savoury
-- INSERT INTO brands (name, img) VALUES('Lays','https://www.loackerusa.com/uploads/pics/Home_Schokotafeln_Teaser_M_01.jpg') RETURNING *;
-- INSERT INTO brands (name, img) VALUES('Ruffles','https://www.loackerusa.com/uploads/pics/Home_Schokotafeln_Teaser_M_01.jpg') RETURNING *;
-- INSERT INTO brands (name, img) VALUES('Doritos','https://www.loackerusa.com/uploads/pics/Home_Schokotafeln_Teaser_M_01.jpg') RETURNING *;
-- INSERT INTO brands (name, img) VALUES('Kettles','https://www.loackerusa.com/uploads/pics/Home_Schokotafeln_Teaser_M_01.jpg') RETURNING *;
-- INSERT INTO brands (name, img) VALUES('Pringles','https://www.loackerusa.com/uploads/pics/Home_Schokotafeln_Teaser_M_01.jpg') RETURNING *;
-- INSERT INTO brands (name, img) VALUES('Tostitos','https://www.loackerusa.com/uploads/pics/Home_Schokotafeln_Teaser_M_01.jpg') RETURNING *;
-- -- Beverage
-- INSERT INTO brands (name, img) VALUES('Starbucks','https://www.loackerusa.com/uploads/pics/Home_Schokotafeln_Teaser_M_01.jpg') RETURNING *;
-- INSERT INTO brands (name, img) VALUES('Coke','https://www.loackerusa.com/uploads/pics/Home_Schokotafeln_Teaser_M_01.jpg') RETURNING *;
-- INSERT INTO brands (name, img) VALUES('Pepsi','https://www.loackerusa.com/uploads/pics/Home_Schokotafeln_Teaser_M_01.jpg') RETURNING *;
-- INSERT INTO brands (name, img) VALUES('Lipton','https://www.loackerusa.com/uploads/pics/Home_Schokotafeln_Teaser_M_01.jpg') RETURNING *;
-- INSERT INTO brands (name, img) VALUES('Ayataka','https://www.loackerusa.com/uploads/pics/Home_Schokotafeln_Teaser_M_01.jpg') RETURNING *;
-- INSERT INTO brands (name, img) VALUES('Cold Pressed Juices','https://www.loackerusa.com/uploads/pics/Home_Schokotafeln_Teaser_M_01.jpg') RETURNING *;

-- INSERT INTO products (name, img, price, brand_id) VALUES('WT Chocolate1', 'https://encrypted-tbn0.gstatic.com/images?q=tbn:ANd9GcRY1H8UVXzbsgiqisqkm3t3X-x0_r_RahAVYt-iYmZIE2rgnnU5mQ', '2.95', '1') RETURNING *;
-- INSERT INTO products (name, img, price, brand_id) VALUES('WT Chocolate2', 'https://encrypted-tbn0.gstatic.com/images?q=tbn:ANd9GcTyfIOtpdPXKvL7hIfTqEYA8SLrcu92g2gYSLkAyX_J7kI6IcFw', '2.95', '1') RETURNING *;
-- INSERT INTO products (name, img, price, brand_id) VALUES('WT Chocolate3', 'https://www.loackerusa.com/uploads/pics/Home_Schokotafeln_Teaser_M_01.jpg', '2.95', '1') RETURNING *;
-- INSERT INTO products (name, img, price, brand_id) VALUES('WT Chocolate4', 'https://www.loackerusa.com/uploads/pics/Home_Schokotafeln_Teaser_M_01.jpg', '2.95', '1') RETURNING *;
-- INSERT INTO products (name, img, price, brand_id) VALUES('WT Chocolate5', 'https://www.loackerusa.com/uploads/pics/Home_Schokotafeln_Teaser_M_01.jpg', '2.95', '1') RETURNING *;
-- INSERT INTO products (name, img, price, brand_id) VALUES('WT Chocolate6', 'https://www.loackerusa.com/uploads/pics/Home_Schokotafeln_Teaser_M_01.jpg', '2.95', '1') RETURNING *;
-- INSERT INTO products (name, img, price, brand_id) VALUES('LK Chocolate1', 'https://www.loackerusa.com/uploads/pics/Home_Schokotafeln_Teaser_M_01.jpg', '2.95', '2') RETURNING *;
-- INSERT INTO products (name, img, price, brand_id) VALUES('LK Chocolate2', 'https://www.loackerusa.com/uploads/pics/Home_WeltderWaffeln_Teaser_XL_01.jpg', '2.95', '2') RETURNING *;
-- INSERT INTO products (name, img, price, brand_id) VALUES('LK Chocolate3', 'https://www.loackerusa.com/uploads/pics/Home_EdlePatisserie_Teaser_XL_01.jpg', '2.95', '2') RETURNING *;
-- INSERT INTO products (name, img, price, brand_id) VALUES('LK Chocolate4', 'https://www.loackerusa.com/uploads/pics/Home_MitLiebeschenken_Teaser_M_01.jpg', '2.95', '2') RETURNING *;
-- INSERT INTO products (name, img, price, brand_id) VALUES('LK Chocolate5', 'https://www.stilopolis.it/wp-content/uploads/2013/07/loacker-tortina-white-fogliette.jpg', '2.95', '2') RETURNING *;
-- INSERT INTO products (name, img, price, brand_id) VALUES('LK Chocolate6', 'https://i.pinimg.com/originals/8e/5f/ab/8e5fab1d346270ebb47eb244aa3588e9.jpg', '2.95', '2') RETURNING *;
-- INSERT INTO products (name, img, price, brand_id) VALUES('MC Chocolate1', 'https://www.loackerusa.com/uploads/pics/Home_Schokotafeln_Teaser_M_01.jpg', '2.95', '3') RETURNING *;
-- INSERT INTO products (name, img, price, brand_id) VALUES('MC Chocolate2', 'https://www.loackerusa.com/uploads/pics/Home_Schokotafeln_Teaser_M_01.jpg', '2.95', '3') RETURNING *;
-- INSERT INTO products (name, img, price, brand_id) VALUES('MC Chocolate3', 'https://www.loackerusa.com/uploads/pics/Home_Schokotafeln_Teaser_M_01.jpg', '2.95', '3') RETURNING *;
-- INSERT INTO products (name, img, price, brand_id) VALUES('MC Chocolate4', 'https://www.loackerusa.com/uploads/pics/Home_Schokotafeln_Teaser_M_01.jpg', '2.95', '3') RETURNING *;
-- INSERT INTO products (name, img, price, brand_id) VALUES('MC Chocolate5', 'https://www.loackerusa.com/uploads/pics/Home_Schokotafeln_Teaser_M_01.jpg', '2.95', '3') RETURNING *;
-- INSERT INTO products (name, img, price, brand_id) VALUES('MC Chocolate6', 'https://www.loackerusa.com/uploads/pics/Home_Schokotafeln_Teaser_M_01.jpg', '2.95', '3') RETURNING *;
-- INSERT INTO products (name, img, price, brand_id) VALUES('LT Chocolate1', 'https://www.loackerusa.com/uploads/pics/Home_Schokotafeln_Teaser_M_01.jpg', '2.95', '4') RETURNING *;
-- INSERT INTO products (name, img, price, brand_id) VALUES('LT Chocolate2', 'https://www.loackerusa.com/uploads/pics/Home_Schokotafeln_Teaser_M_01.jpg', '2.95', '4') RETURNING *;
-- INSERT INTO products (name, img, price, brand_id) VALUES('LT Chocolate3', 'https://www.loackerusa.com/uploads/pics/Home_Schokotafeln_Teaser_M_01.jpg', '2.95', '4') RETURNING *;
-- INSERT INTO products (name, img, price, brand_id) VALUES('LT Chocolate4', 'https://www.loackerusa.com/uploads/pics/Home_Schokotafeln_Teaser_M_01.jpg', '2.95', '4') RETURNING *;
-- INSERT INTO products (name, img, price, brand_id) VALUES('LT Chocolate5', 'https://www.loackerusa.com/uploads/pics/Home_Schokotafeln_Teaser_M_01.jpg', '2.95', '4') RETURNING *;
-- INSERT INTO products (name, img, price, brand_id) VALUES('LT Chocolate6', 'https://www.loackerusa.com/uploads/pics/Home_Schokotafeln_Teaser_M_01.jpg', '2.95', '4') RETURNING *;
-- INSERT INTO products (name, img, price, brand_id) VALUES('RS Chocolate1', 'https://www.loackerusa.com/uploads/pics/Home_Schokotafeln_Teaser_M_01.jpg', '2.95', '5') RETURNING *;
-- INSERT INTO products (name, img, price, brand_id) VALUES('RS Chocolate2', 'https://www.loackerusa.com/uploads/pics/Home_Schokotafeln_Teaser_M_01.jpg', '2.95', '5') RETURNING *;
-- INSERT INTO products (name, img, price, brand_id) VALUES('RS Chocolate3', 'https://www.loackerusa.com/uploads/pics/Home_Schokotafeln_Teaser_M_01.jpg', '2.95', '5') RETURNING *;
-- INSERT INTO products (name, img, price, brand_id) VALUES('RS Chocolate4', 'https://www.loackerusa.com/uploads/pics/Home_Schokotafeln_Teaser_M_01.jpg', '2.95', '5') RETURNING *;
-- INSERT INTO products (name, img, price, brand_id) VALUES('RS Chocolate5', 'https://www.loackerusa.com/uploads/pics/Home_Schokotafeln_Teaser_M_01.jpg', '2.95', '5') RETURNING *;
-- INSERT INTO products (name, img, price, brand_id) VALUES('RS Chocolate6', 'https://www.loackerusa.com/uploads/pics/Home_Schokotafeln_Teaser_M_01.jpg', '2.95', '5') RETURNING *;
-- INSERT INTO products (name, img, price, brand_id) VALUES('GL Chocolate1', 'https://www.loackerusa.com/uploads/pics/Home_Schokotafeln_Teaser_M_01.jpg', '2.95', '6') RETURNING *;
-- INSERT INTO products (name, img, price, brand_id) VALUES('GL Chocolate2', 'https://www.loackerusa.com/uploads/pics/Home_Schokotafeln_Teaser_M_01.jpg', '2.95', '6') RETURNING *;
-- INSERT INTO products (name, img, price, brand_id) VALUES('GL Chocolate3', 'https://www.loackerusa.com/uploads/pics/Home_Schokotafeln_Teaser_M_01.jpg', '2.95', '6') RETURNING *;
-- INSERT INTO products (name, img, price, brand_id) VALUES('GL Chocolate4', 'https://www.loackerusa.com/uploads/pics/Home_Schokotafeln_Teaser_M_01.jpg', '2.95', '6') RETURNING *;
-- INSERT INTO products (name, img, price, brand_id) VALUES('GL Chocolate5', 'https://www.loackerusa.com/uploads/pics/Home_Schokotafeln_Teaser_M_01.jpg', '2.95', '6') RETURNING *;
-- INSERT INTO products (name, img, price, brand_id) VALUES('GL Chocolate6', 'https://www.loackerusa.com/uploads/pics/Home_Schokotafeln_Teaser_M_01.jpg', '2.95', '6') RETURNING *;
-- INSERT INTO products (name, img, price, brand_id) VALUES('WT Candy1', 'https://www.loackerusa.com/uploads/pics/Home_Schokotafeln_Teaser_M_01.jpg', '2.95', '7') RETURNING *;
-- INSERT INTO products (name, img, price, brand_id) VALUES('WT Candy2', 'https://www.loackerusa.com/uploads/pics/Home_Schokotafeln_Teaser_M_01.jpg', '2.95', '7') RETURNING *;
-- INSERT INTO products (name, img, price, brand_id) VALUES('WT Candy3', 'https://www.loackerusa.com/uploads/pics/Home_Schokotafeln_Teaser_M_01.jpg', '2.95', '7') RETURNING *;
-- INSERT INTO products (name, img, price, brand_id) VALUES('WT Candy4', 'https://www.loackerusa.com/uploads/pics/Home_Schokotafeln_Teaser_M_01.jpg', '2.95', '7') RETURNING *;
-- INSERT INTO products (name, img, price, brand_id) VALUES('WT Candy5', 'https://www.loackerusa.com/uploads/pics/Home_Schokotafeln_Teaser_M_01.jpg', '2.95', '7') RETURNING *;
-- INSERT INTO products (name, img, price, brand_id) VALUES('WT Candy6', 'https://www.loackerusa.com/uploads/pics/Home_Schokotafeln_Teaser_M_01.jpg', '2.95', '7') RETURNING *;
-- INSERT INTO products (name, img, price, brand_id) VALUES('LK Candy1', 'https://www.loackerusa.com/uploads/pics/Home_Schokotafeln_Teaser_M_01.jpg', '2.95', '8') RETURNING *;
-- INSERT INTO products (name, img, price, brand_id) VALUES('LK Candy2', 'https://www.loackerusa.com/uploads/pics/Home_Schokotafeln_Teaser_M_01.jpg', '2.95', '8') RETURNING *;
-- INSERT INTO products (name, img, price, brand_id) VALUES('LK Candy3', 'https://www.loackerusa.com/uploads/pics/Home_Schokotafeln_Teaser_M_01.jpg', '2.95', '8') RETURNING *;
-- INSERT INTO products (name, img, price, brand_id) VALUES('LK Candy4', 'https://www.loackerusa.com/uploads/pics/Home_Schokotafeln_Teaser_M_01.jpg', '2.95', '8') RETURNING *;
-- INSERT INTO products (name, img, price, brand_id) VALUES('LK Candy5', 'https://www.loackerusa.com/uploads/pics/Home_Schokotafeln_Teaser_M_01.jpg', '2.95', '8') RETURNING *;
-- INSERT INTO products (name, img, price, brand_id) VALUES('LK Candy6', 'https://www.loackerusa.com/uploads/pics/Home_Schokotafeln_Teaser_M_01.jpg', '2.95', '8') RETURNING *;
-- INSERT INTO products (name, img, price, brand_id) VALUES('MC Candy1', 'https://www.loackerusa.com/uploads/pics/Home_Schokotafeln_Teaser_M_01.jpg', '2.95', '9') RETURNING *;
-- INSERT INTO products (name, img, price, brand_id) VALUES('MC Candy2', 'https://www.loackerusa.com/uploads/pics/Home_Schokotafeln_Teaser_M_01.jpg', '2.95', '9') RETURNING *;
-- INSERT INTO products (name, img, price, brand_id) VALUES('MC Candy3', 'https://www.loackerusa.com/uploads/pics/Home_Schokotafeln_Teaser_M_01.jpg', '2.95', '9') RETURNING *;
-- INSERT INTO products (name, img, price, brand_id) VALUES('MC Candy4', 'https://www.loackerusa.com/uploads/pics/Home_Schokotafeln_Teaser_M_01.jpg', '2.95', '9') RETURNING *;
-- INSERT INTO products (name, img, price, brand_id) VALUES('MC Candy5', 'https://www.loackerusa.com/uploads/pics/Home_Schokotafeln_Teaser_M_01.jpg', '2.95', '9') RETURNING *;
-- INSERT INTO products (name, img, price, brand_id) VALUES('MC Candy6', 'https://www.loackerusa.com/uploads/pics/Home_Schokotafeln_Teaser_M_01.jpg', '2.95', '9') RETURNING *;
-- INSERT INTO products (name, img, price, brand_id) VALUES('LT Candy1', 'https://www.loackerusa.com/uploads/pics/Home_Schokotafeln_Teaser_M_01.jpg', '2.95', '10') RETURNING *;
-- INSERT INTO products (name, img, price, brand_id) VALUES('LT Candy2', 'https://www.loackerusa.com/uploads/pics/Home_Schokotafeln_Teaser_M_01.jpg', '2.95', '10') RETURNING *;
-- INSERT INTO products (name, img, price, brand_id) VALUES('LT Candy3', 'https://www.loackerusa.com/uploads/pics/Home_Schokotafeln_Teaser_M_01.jpg', '2.95', '10') RETURNING *;
-- INSERT INTO products (name, img, price, brand_id) VALUES('LT Candy4', 'https://www.loackerusa.com/uploads/pics/Home_Schokotafeln_Teaser_M_01.jpg', '2.95', '10') RETURNING *;
-- INSERT INTO products (name, img, price, brand_id) VALUES('LT Candy5', 'https://www.loackerusa.com/uploads/pics/Home_Schokotafeln_Teaser_M_01.jpg', '2.95', '10') RETURNING *;
-- INSERT INTO products (name, img, price, brand_id) VALUES('LT Candy6', 'https://www.loackerusa.com/uploads/pics/Home_Schokotafeln_Teaser_M_01.jpg', '2.95', '10') RETURNING *;
-- INSERT INTO products (name, img, price, brand_id) VALUES('RS Candy1', 'https://www.loackerusa.com/uploads/pics/Home_Schokotafeln_Teaser_M_01.jpg', '2.95', '11') RETURNING *;
-- INSERT INTO products (name, img, price, brand_id) VALUES('RS Candy2', 'https://www.loackerusa.com/uploads/pics/Home_Schokotafeln_Teaser_M_01.jpg', '2.95', '11') RETURNING *;
-- INSERT INTO products (name, img, price, brand_id) VALUES('RS Candy3', 'https://www.loackerusa.com/uploads/pics/Home_Schokotafeln_Teaser_M_01.jpg', '2.95', '11') RETURNING *;
-- INSERT INTO products (name, img, price, brand_id) VALUES('RS Candy4', 'https://www.loackerusa.com/uploads/pics/Home_Schokotafeln_Teaser_M_01.jpg', '2.95', '11') RETURNING *;
-- INSERT INTO products (name, img, price, brand_id) VALUES('RS Candy5', 'https://www.loackerusa.com/uploads/pics/Home_Schokotafeln_Teaser_M_01.jpg', '2.95', '11') RETURNING *;
-- INSERT INTO products (name, img, price, brand_id) VALUES('RS Candy6', 'https://www.loackerusa.com/uploads/pics/Home_Schokotafeln_Teaser_M_01.jpg', '2.95', '11') RETURNING *;
-- INSERT INTO products (name, img, price, brand_id) VALUES('GL Candy1', 'https://www.loackerusa.com/uploads/pics/Home_Schokotafeln_Teaser_M_01.jpg', '2.95', '12') RETURNING *;
-- INSERT INTO products (name, img, price, brand_id) VALUES('GL Candy2', 'https://www.loackerusa.com/uploads/pics/Home_Schokotafeln_Teaser_M_01.jpg', '2.95', '12') RETURNING *;
-- INSERT INTO products (name, img, price, brand_id) VALUES('GL Candy3', 'https://www.loackerusa.com/uploads/pics/Home_Schokotafeln_Teaser_M_01.jpg', '2.95', '12') RETURNING *;
-- INSERT INTO products (name, img, price, brand_id) VALUES('GL Candy4', 'https://www.loackerusa.com/uploads/pics/Home_Schokotafeln_Teaser_M_01.jpg', '2.95', '12') RETURNING *;
-- INSERT INTO products (name, img, price, brand_id) VALUES('GL Candy5', 'https://www.loackerusa.com/uploads/pics/Home_Schokotafeln_Teaser_M_01.jpg', '2.95', '12') RETURNING *;
-- INSERT INTO products (name, img, price, brand_id) VALUES('GL Candy6', 'https://www.loackerusa.com/uploads/pics/Home_Schokotafeln_Teaser_M_01.jpg', '2.95', '12') RETURNING *;
-- INSERT INTO products (name, img, price, brand_id) VALUES('WT Biscuit1', 'https://www.loackerusa.com/uploads/pics/Home_Schokotafeln_Teaser_M_01.jpg', '2.95', '13') RETURNING *;
-- INSERT INTO products (name, img, price, brand_id) VALUES('WT Biscuit2', 'https://www.loackerusa.com/uploads/pics/Home_Schokotafeln_Teaser_M_01.jpg', '2.95', '13') RETURNING *;
-- INSERT INTO products (name, img, price, brand_id) VALUES('WT Biscuit3', 'https://www.loackerusa.com/uploads/pics/Home_Schokotafeln_Teaser_M_01.jpg', '2.95', '13') RETURNING *;
-- INSERT INTO products (name, img, price, brand_id) VALUES('WT Biscuit4', 'https://www.loackerusa.com/uploads/pics/Home_Schokotafeln_Teaser_M_01.jpg', '2.95', '13') RETURNING *;
-- INSERT INTO products (name, img, price, brand_id) VALUES('WT Biscuit5', 'https://www.loackerusa.com/uploads/pics/Home_Schokotafeln_Teaser_M_01.jpg', '2.95', '13') RETURNING *;
-- INSERT INTO products (name, img, price, brand_id) VALUES('WT Biscuit6', 'https://www.loackerusa.com/uploads/pics/Home_Schokotafeln_Teaser_M_01.jpg', '2.95', '13') RETURNING *;
-- INSERT INTO products (name, img, price, brand_id) VALUES('LK Biscuit1', 'https://www.loackerusa.com/uploads/pics/Home_Schokotafeln_Teaser_M_01.jpg', '2.95', '14') RETURNING *;
-- INSERT INTO products (name, img, price, brand_id) VALUES('LK Biscuit2', 'https://www.loackerusa.com/uploads/pics/Home_Schokotafeln_Teaser_M_01.jpg', '2.95', '14') RETURNING *;
-- INSERT INTO products (name, img, price, brand_id) VALUES('LK Biscuit3', 'https://www.loackerusa.com/uploads/pics/Home_Schokotafeln_Teaser_M_01.jpg', '2.95', '14') RETURNING *;
-- INSERT INTO products (name, img, price, brand_id) VALUES('LK Biscuit4', 'https://www.loackerusa.com/uploads/pics/Home_Schokotafeln_Teaser_M_01.jpg', '2.95', '14') RETURNING *;
-- INSERT INTO products (name, img, price, brand_id) VALUES('LK Biscuit5', 'https://www.loackerusa.com/uploads/pics/Home_Schokotafeln_Teaser_M_01.jpg', '2.95', '14') RETURNING *;
-- INSERT INTO products (name, img, price, brand_id) VALUES('LK Biscuit6', 'https://www.loackerusa.com/uploads/pics/Home_Schokotafeln_Teaser_M_01.jpg', '2.95', '14') RETURNING *;
-- INSERT INTO products (name, img, price, brand_id) VALUES('MC Biscuit1', 'https://www.loackerusa.com/uploads/pics/Home_Schokotafeln_Teaser_M_01.jpg', '2.95', '15') RETURNING *;
-- INSERT INTO products (name, img, price, brand_id) VALUES('MC Biscuit2', 'https://www.loackerusa.com/uploads/pics/Home_Schokotafeln_Teaser_M_01.jpg', '2.95', '15') RETURNING *;
-- INSERT INTO products (name, img, price, brand_id) VALUES('MC Biscuit3', 'https://www.loackerusa.com/uploads/pics/Home_Schokotafeln_Teaser_M_01.jpg', '2.95', '15') RETURNING *;
-- INSERT INTO products (name, img, price, brand_id) VALUES('MC Biscuit4', 'https://www.loackerusa.com/uploads/pics/Home_Schokotafeln_Teaser_M_01.jpg', '2.95', '15') RETURNING *;
-- INSERT INTO products (name, img, price, brand_id) VALUES('MC Biscuit5', 'https://www.loackerusa.com/uploads/pics/Home_Schokotafeln_Teaser_M_01.jpg', '2.95', '15') RETURNING *;
-- INSERT INTO products (name, img, price, brand_id) VALUES('MC Biscuit6', 'https://www.loackerusa.com/uploads/pics/Home_Schokotafeln_Teaser_M_01.jpg', '2.95', '15') RETURNING *;
-- INSERT INTO products (name, img, price, brand_id) VALUES('LT Biscuit1', 'https://www.loackerusa.com/uploads/pics/Home_Schokotafeln_Teaser_M_01.jpg', '2.95', '16') RETURNING *;
-- INSERT INTO products (name, img, price, brand_id) VALUES('LT Biscuit2', 'https://www.loackerusa.com/uploads/pics/Home_Schokotafeln_Teaser_M_01.jpg', '2.95', '16') RETURNING *;
-- INSERT INTO products (name, img, price, brand_id) VALUES('LT Biscuit3', 'https://www.loackerusa.com/uploads/pics/Home_Schokotafeln_Teaser_M_01.jpg', '2.95', '16') RETURNING *;
-- INSERT INTO products (name, img, price, brand_id) VALUES('LT Biscuit4', 'https://www.loackerusa.com/uploads/pics/Home_Schokotafeln_Teaser_M_01.jpg', '2.95', '16') RETURNING *;
-- INSERT INTO products (name, img, price, brand_id) VALUES('LT Biscuit5', 'https://www.loackerusa.com/uploads/pics/Home_Schokotafeln_Teaser_M_01.jpg', '2.95', '16') RETURNING *;
-- INSERT INTO products (name, img, price, brand_id) VALUES('LT Biscuit6', 'https://www.loackerusa.com/uploads/pics/Home_Schokotafeln_Teaser_M_01.jpg', '2.95', '16') RETURNING *;
-- INSERT INTO products (name, img, price, brand_id) VALUES('RS Biscuit1', 'https://www.loackerusa.com/uploads/pics/Home_Schokotafeln_Teaser_M_01.jpg', '2.95', '17') RETURNING *;
-- INSERT INTO products (name, img, price, brand_id) VALUES('RS Biscuit2', 'https://www.loackerusa.com/uploads/pics/Home_Schokotafeln_Teaser_M_01.jpg', '2.95', '17') RETURNING *;
-- INSERT INTO products (name, img, price, brand_id) VALUES('RS Biscuit3', 'https://www.loackerusa.com/uploads/pics/Home_Schokotafeln_Teaser_M_01.jpg', '2.95', '17') RETURNING *;
-- INSERT INTO products (name, img, price, brand_id) VALUES('RS Biscuit4', 'https://www.loackerusa.com/uploads/pics/Home_Schokotafeln_Teaser_M_01.jpg', '2.95', '17') RETURNING *;
-- INSERT INTO products (name, img, price, brand_id) VALUES('RS Biscuit5', 'https://www.loackerusa.com/uploads/pics/Home_Schokotafeln_Teaser_M_01.jpg', '2.95', '17') RETURNING *;
-- INSERT INTO products (name, img, price, brand_id) VALUES('RS Biscuit6', 'https://www.loackerusa.com/uploads/pics/Home_Schokotafeln_Teaser_M_01.jpg', '2.95', '17') RETURNING *;
-- INSERT INTO products (name, img, price, brand_id) VALUES('GL Biscuit1', 'https://www.loackerusa.com/uploads/pics/Home_Schokotafeln_Teaser_M_01.jpg', '2.95', '18') RETURNING *;
-- INSERT INTO products (name, img, price, brand_id) VALUES('GL Biscuit2', 'https://www.loackerusa.com/uploads/pics/Home_Schokotafeln_Teaser_M_01.jpg', '2.95', '18') RETURNING *;
-- INSERT INTO products (name, img, price, brand_id) VALUES('GL Biscuit3', 'https://www.loackerusa.com/uploads/pics/Home_Schokotafeln_Teaser_M_01.jpg', '2.95', '18') RETURNING *;
-- INSERT INTO products (name, img, price, brand_id) VALUES('GL Biscuit4', 'https://www.loackerusa.com/uploads/pics/Home_Schokotafeln_Teaser_M_01.jpg', '2.95', '18') RETURNING *;
-- INSERT INTO products (name, img, price, brand_id) VALUES('GL Biscuit5', 'https://www.loackerusa.com/uploads/pics/Home_Schokotafeln_Teaser_M_01.jpg', '2.95', '18') RETURNING *;
-- INSERT INTO products (name, img, price, brand_id) VALUES('GL Biscuit6', 'https://www.loackerusa.com/uploads/pics/Home_Schokotafeln_Teaser_M_01.jpg', '2.95', '18') RETURNING *;
-- INSERT INTO products (name, img, price, brand_id) VALUES('WT Cookie1', 'https://www.loackerusa.com/uploads/pics/Home_Schokotafeln_Teaser_M_01.jpg', '2.95', '19') RETURNING *;
-- INSERT INTO products (name, img, price, brand_id) VALUES('WT Cookie2', 'https://www.loackerusa.com/uploads/pics/Home_Schokotafeln_Teaser_M_01.jpg', '2.95', '19') RETURNING *;
-- INSERT INTO products (name, img, price, brand_id) VALUES('WT Cookie3', 'https://www.loackerusa.com/uploads/pics/Home_Schokotafeln_Teaser_M_01.jpg', '2.95', '19') RETURNING *;
-- INSERT INTO products (name, img, price, brand_id) VALUES('WT Cookie4', 'https://www.loackerusa.com/uploads/pics/Home_Schokotafeln_Teaser_M_01.jpg', '2.95', '19') RETURNING *;
-- INSERT INTO products (name, img, price, brand_id) VALUES('WT Cookie5', 'https://www.loackerusa.com/uploads/pics/Home_Schokotafeln_Teaser_M_01.jpg', '2.95', '19') RETURNING *;
-- INSERT INTO products (name, img, price, brand_id) VALUES('WT Cookie6', 'https://www.loackerusa.com/uploads/pics/Home_Schokotafeln_Teaser_M_01.jpg', '2.95', '19') RETURNING *;
-- INSERT INTO products (name, img, price, brand_id) VALUES('LK Cookie1', 'https://www.loackerusa.com/uploads/pics/Home_Schokotafeln_Teaser_M_01.jpg', '2.95', '20') RETURNING *;
-- INSERT INTO products (name, img, price, brand_id) VALUES('LK Cookie2', 'https://www.loackerusa.com/uploads/pics/Home_Schokotafeln_Teaser_M_01.jpg', '2.95', '20') RETURNING *;
-- INSERT INTO products (name, img, price, brand_id) VALUES('LK Cookie3', 'https://www.loackerusa.com/uploads/pics/Home_Schokotafeln_Teaser_M_01.jpg', '2.95', '20') RETURNING *;
-- INSERT INTO products (name, img, price, brand_id) VALUES('LK Cookie4', 'https://www.loackerusa.com/uploads/pics/Home_Schokotafeln_Teaser_M_01.jpg', '2.95', '20') RETURNING *;
-- INSERT INTO products (name, img, price, brand_id) VALUES('LK Cookie5', 'https://www.loackerusa.com/uploads/pics/Home_Schokotafeln_Teaser_M_01.jpg', '2.95', '20') RETURNING *;
-- INSERT INTO products (name, img, price, brand_id) VALUES('LK Cookie6', 'https://www.loackerusa.com/uploads/pics/Home_Schokotafeln_Teaser_M_01.jpg', '2.95', '20') RETURNING *;
-- INSERT INTO products (name, img, price, brand_id) VALUES('MC Cookie1', 'https://www.loackerusa.com/uploads/pics/Home_Schokotafeln_Teaser_M_01.jpg', '2.95', '21') RETURNING *;
-- INSERT INTO products (name, img, price, brand_id) VALUES('MC Cookie2', 'https://www.loackerusa.com/uploads/pics/Home_Schokotafeln_Teaser_M_01.jpg', '2.95', '21') RETURNING *;
-- INSERT INTO products (name, img, price, brand_id) VALUES('MC Cookie3', 'https://www.loackerusa.com/uploads/pics/Home_Schokotafeln_Teaser_M_01.jpg', '2.95', '21') RETURNING *;
-- INSERT INTO products (name, img, price, brand_id) VALUES('MC Cookie4', 'https://www.loackerusa.com/uploads/pics/Home_Schokotafeln_Teaser_M_01.jpg', '2.95', '21') RETURNING *;
-- INSERT INTO products (name, img, price, brand_id) VALUES('MC Cookie5', 'https://www.loackerusa.com/uploads/pics/Home_Schokotafeln_Teaser_M_01.jpg', '2.95', '21') RETURNING *;
-- INSERT INTO products (name, img, price, brand_id) VALUES('MC Cookie6', 'https://www.loackerusa.com/uploads/pics/Home_Schokotafeln_Teaser_M_01.jpg', '2.95', '21') RETURNING *;
-- INSERT INTO products (name, img, price, brand_id) VALUES('LT Cookie1', 'https://www.loackerusa.com/uploads/pics/Home_Schokotafeln_Teaser_M_01.jpg', '2.95', '22') RETURNING *;
-- INSERT INTO products (name, img, price, brand_id) VALUES('LT Cookie2', 'https://www.loackerusa.com/uploads/pics/Home_Schokotafeln_Teaser_M_01.jpg', '2.95', '22') RETURNING *;
-- INSERT INTO products (name, img, price, brand_id) VALUES('LT Cookie3', 'https://www.loackerusa.com/uploads/pics/Home_Schokotafeln_Teaser_M_01.jpg', '2.95', '22') RETURNING *;
-- INSERT INTO products (name, img, price, brand_id) VALUES('LT Cookie4', 'https://www.loackerusa.com/uploads/pics/Home_Schokotafeln_Teaser_M_01.jpg', '2.95', '22') RETURNING *;
-- INSERT INTO products (name, img, price, brand_id) VALUES('LT Cookie5', 'https://www.loackerusa.com/uploads/pics/Home_Schokotafeln_Teaser_M_01.jpg', '2.95', '22') RETURNING *;
-- INSERT INTO products (name, img, price, brand_id) VALUES('LT Cookie6', 'https://www.loackerusa.com/uploads/pics/Home_Schokotafeln_Teaser_M_01.jpg', '2.95', '22') RETURNING *;
-- INSERT INTO products (name, img, price, brand_id) VALUES('RS Cookie1', 'https://www.loackerusa.com/uploads/pics/Home_Schokotafeln_Teaser_M_01.jpg', '2.95', '23') RETURNING *;
-- INSERT INTO products (name, img, price, brand_id) VALUES('RS Cookie2', 'https://www.loackerusa.com/uploads/pics/Home_Schokotafeln_Teaser_M_01.jpg', '2.95', '23') RETURNING *;
-- INSERT INTO products (name, img, price, brand_id) VALUES('RS Cookie3', 'https://www.loackerusa.com/uploads/pics/Home_Schokotafeln_Teaser_M_01.jpg', '2.95', '23') RETURNING *;
-- INSERT INTO products (name, img, price, brand_id) VALUES('RS Cookie4', 'https://www.loackerusa.com/uploads/pics/Home_Schokotafeln_Teaser_M_01.jpg', '2.95', '23') RETURNING *;
-- INSERT INTO products (name, img, price, brand_id) VALUES('RS Cookie5', 'https://www.loackerusa.com/uploads/pics/Home_Schokotafeln_Teaser_M_01.jpg', '2.95', '23') RETURNING *;
-- INSERT INTO products (name, img, price, brand_id) VALUES('RS Cookie6', 'https://www.loackerusa.com/uploads/pics/Home_Schokotafeln_Teaser_M_01.jpg', '2.95', '23') RETURNING *;
-- INSERT INTO products (name, img, price, brand_id) VALUES('GL Cookie1', 'https://www.loackerusa.com/uploads/pics/Home_Schokotafeln_Teaser_M_01.jpg', '2.95', '24') RETURNING *;
-- INSERT INTO products (name, img, price, brand_id) VALUES('GL Cookie2', 'https://www.loackerusa.com/uploads/pics/Home_Schokotafeln_Teaser_M_01.jpg', '2.95', '24') RETURNING *;
-- INSERT INTO products (name, img, price, brand_id) VALUES('GL Cookie3', 'https://www.loackerusa.com/uploads/pics/Home_Schokotafeln_Teaser_M_01.jpg', '2.95', '24') RETURNING *;
-- INSERT INTO products (name, img, price, brand_id) VALUES('GL Cookie4', 'https://www.loackerusa.com/uploads/pics/Home_Schokotafeln_Teaser_M_01.jpg', '2.95', '24') RETURNING *;
-- INSERT INTO products (name, img, price, brand_id) VALUES('GL Cookie5', 'https://www.loackerusa.com/uploads/pics/Home_Schokotafeln_Teaser_M_01.jpg', '2.95', '24') RETURNING *;
-- INSERT INTO products (name, img, price, brand_id) VALUES('GL Cookie6', 'https://www.loackerusa.com/uploads/pics/Home_Schokotafeln_Teaser_M_01.jpg', '2.95', '24') RETURNING *;
-- INSERT INTO products (name, img, price, brand_id) VALUES('WT Cracker1', 'https://www.loackerusa.com/uploads/pics/Home_Schokotafeln_Teaser_M_01.jpg', '2.95', '25') RETURNING *;
-- INSERT INTO products (name, img, price, brand_id) VALUES('WT Cracker2', 'https://www.loackerusa.com/uploads/pics/Home_Schokotafeln_Teaser_M_01.jpg', '2.95', '25') RETURNING *;
-- INSERT INTO products (name, img, price, brand_id) VALUES('WT Cracker3', 'https://www.loackerusa.com/uploads/pics/Home_Schokotafeln_Teaser_M_01.jpg', '2.95', '25') RETURNING *;
-- INSERT INTO products (name, img, price, brand_id) VALUES('WT Cracker4', 'https://www.loackerusa.com/uploads/pics/Home_Schokotafeln_Teaser_M_01.jpg', '2.95', '25') RETURNING *;
-- INSERT INTO products (name, img, price, brand_id) VALUES('WT Cracker5', 'https://www.loackerusa.com/uploads/pics/Home_Schokotafeln_Teaser_M_01.jpg', '2.95', '25') RETURNING *;
-- INSERT INTO products (name, img, price, brand_id) VALUES('WT Cracker6', 'https://www.loackerusa.com/uploads/pics/Home_Schokotafeln_Teaser_M_01.jpg', '2.95', '25') RETURNING *;
-- INSERT INTO products (name, img, price, brand_id) VALUES('LK Cracker1', 'https://www.loackerusa.com/uploads/pics/Home_Schokotafeln_Teaser_M_01.jpg', '2.95', '26') RETURNING *;
-- INSERT INTO products (name, img, price, brand_id) VALUES('LK Cracker2', 'https://www.loackerusa.com/uploads/pics/Home_Schokotafeln_Teaser_M_01.jpg', '2.95', '26') RETURNING *;
-- INSERT INTO products (name, img, price, brand_id) VALUES('LK Cracker3', 'https://www.loackerusa.com/uploads/pics/Home_Schokotafeln_Teaser_M_01.jpg', '2.95', '26') RETURNING *;
-- INSERT INTO products (name, img, price, brand_id) VALUES('LK Cracker4', 'https://www.loackerusa.com/uploads/pics/Home_Schokotafeln_Teaser_M_01.jpg', '2.95', '26') RETURNING *;
-- INSERT INTO products (name, img, price, brand_id) VALUES('LK Cracker5', 'https://www.loackerusa.com/uploads/pics/Home_Schokotafeln_Teaser_M_01.jpg', '2.95', '26') RETURNING *;
-- INSERT INTO products (name, img, price, brand_id) VALUES('LK Cracker6', 'https://www.loackerusa.com/uploads/pics/Home_Schokotafeln_Teaser_M_01.jpg', '2.95', '26') RETURNING *;
-- INSERT INTO products (name, img, price, brand_id) VALUES('MC Cracker1', 'https://www.loackerusa.com/uploads/pics/Home_Schokotafeln_Teaser_M_01.jpg', '2.95', '27') RETURNING *;
-- INSERT INTO products (name, img, price, brand_id) VALUES('MC Cracker2', 'https://www.loackerusa.com/uploads/pics/Home_Schokotafeln_Teaser_M_01.jpg', '2.95', '27') RETURNING *;
-- INSERT INTO products (name, img, price, brand_id) VALUES('MC Cracker3', 'https://www.loackerusa.com/uploads/pics/Home_Schokotafeln_Teaser_M_01.jpg', '2.95', '27') RETURNING *;
-- INSERT INTO products (name, img, price, brand_id) VALUES('MC Cracker4', 'https://www.loackerusa.com/uploads/pics/Home_Schokotafeln_Teaser_M_01.jpg', '2.95', '27') RETURNING *;
-- INSERT INTO products (name, img, price, brand_id) VALUES('MC Cracker5', 'https://www.loackerusa.com/uploads/pics/Home_Schokotafeln_Teaser_M_01.jpg', '2.95', '27') RETURNING *;
-- INSERT INTO products (name, img, price, brand_id) VALUES('MC Cracker6', 'https://www.loackerusa.com/uploads/pics/Home_Schokotafeln_Teaser_M_01.jpg', '2.95', '27') RETURNING *;
-- INSERT INTO products (name, img, price, brand_id) VALUES('LT Cracker1', 'https://www.loackerusa.com/uploads/pics/Home_Schokotafeln_Teaser_M_01.jpg', '2.95', '28') RETURNING *;
-- INSERT INTO products (name, img, price, brand_id) VALUES('LT Cracker2', 'https://www.loackerusa.com/uploads/pics/Home_Schokotafeln_Teaser_M_01.jpg', '2.95', '28') RETURNING *;
-- INSERT INTO products (name, img, price, brand_id) VALUES('LT Cracker3', 'https://www.loackerusa.com/uploads/pics/Home_Schokotafeln_Teaser_M_01.jpg', '2.95', '28') RETURNING *;
-- INSERT INTO products (name, img, price, brand_id) VALUES('LT Cracker4', 'https://www.loackerusa.com/uploads/pics/Home_Schokotafeln_Teaser_M_01.jpg', '2.95', '28') RETURNING *;
-- INSERT INTO products (name, img, price, brand_id) VALUES('LT Cracker5', 'https://www.loackerusa.com/uploads/pics/Home_Schokotafeln_Teaser_M_01.jpg', '2.95', '28') RETURNING *;
-- INSERT INTO products (name, img, price, brand_id) VALUES('LT Cracker6', 'https://www.loackerusa.com/uploads/pics/Home_Schokotafeln_Teaser_M_01.jpg', '2.95', '28') RETURNING *;
-- INSERT INTO products (name, img, price, brand_id) VALUES('RS Cracker1', 'https://www.loackerusa.com/uploads/pics/Home_Schokotafeln_Teaser_M_01.jpg', '2.95', '29') RETURNING *;
-- INSERT INTO products (name, img, price, brand_id) VALUES('RS Cracker2', 'https://www.loackerusa.com/uploads/pics/Home_Schokotafeln_Teaser_M_01.jpg', '2.95', '29') RETURNING *;
-- INSERT INTO products (name, img, price, brand_id) VALUES('RS Cracker3', 'https://www.loackerusa.com/uploads/pics/Home_Schokotafeln_Teaser_M_01.jpg', '2.95', '29') RETURNING *;
-- INSERT INTO products (name, img, price, brand_id) VALUES('RS Cracker4', 'https://www.loackerusa.com/uploads/pics/Home_Schokotafeln_Teaser_M_01.jpg', '2.95', '29') RETURNING *;
-- INSERT INTO products (name, img, price, brand_id) VALUES('RS Cracker5', 'https://www.loackerusa.com/uploads/pics/Home_Schokotafeln_Teaser_M_01.jpg', '2.95', '29') RETURNING *;
-- INSERT INTO products (name, img, price, brand_id) VALUES('RS Cracker6', 'https://www.loackerusa.com/uploads/pics/Home_Schokotafeln_Teaser_M_01.jpg', '2.95', '29') RETURNING *;
-- INSERT INTO products (name, img, price, brand_id) VALUES('GL Cracker1', 'https://www.loackerusa.com/uploads/pics/Home_Schokotafeln_Teaser_M_01.jpg', '2.95', '30') RETURNING *;
-- INSERT INTO products (name, img, price, brand_id) VALUES('GL Cracker2', 'https://www.loackerusa.com/uploads/pics/Home_Schokotafeln_Teaser_M_01.jpg', '2.95', '30') RETURNING *;
-- INSERT INTO products (name, img, price, brand_id) VALUES('GL Cracker3', 'https://www.loackerusa.com/uploads/pics/Home_Schokotafeln_Teaser_M_01.jpg', '2.95', '30') RETURNING *;
-- INSERT INTO products (name, img, price, brand_id) VALUES('GL Cracker4', 'https://www.loackerusa.com/uploads/pics/Home_Schokotafeln_Teaser_M_01.jpg', '2.95', '30') RETURNING *;
-- INSERT INTO products (name, img, price, brand_id) VALUES('GL Cracker5', 'https://www.loackerusa.com/uploads/pics/Home_Schokotafeln_Teaser_M_01.jpg', '2.95', '30') RETURNING *;
-- INSERT INTO products (name, img, price, brand_id) VALUES('GL Cracker6', 'https://www.loackerusa.com/uploads/pics/Home_Schokotafeln_Teaser_M_01.jpg', '2.95', '30') RETURNING *;
-- INSERT INTO products (name, img, price, brand_id) VALUES('WT Mint1', 'https://www.loackerusa.com/uploads/pics/Home_Schokotafeln_Teaser_M_01.jpg', '2.95', '31') RETURNING *;
-- INSERT INTO products (name, img, price, brand_id) VALUES('WT Mint2', 'https://www.loackerusa.com/uploads/pics/Home_Schokotafeln_Teaser_M_01.jpg', '2.95', '31') RETURNING *;
-- INSERT INTO products (name, img, price, brand_id) VALUES('WT Mint3', 'https://www.loackerusa.com/uploads/pics/Home_Schokotafeln_Teaser_M_01.jpg', '2.95', '31') RETURNING *;
-- INSERT INTO products (name, img, price, brand_id) VALUES('WT Mint4', 'https://www.loackerusa.com/uploads/pics/Home_Schokotafeln_Teaser_M_01.jpg', '2.95', '31') RETURNING *;
-- INSERT INTO products (name, img, price, brand_id) VALUES('WT Mint5', 'https://www.loackerusa.com/uploads/pics/Home_Schokotafeln_Teaser_M_01.jpg', '2.95', '31') RETURNING *;
-- INSERT INTO products (name, img, price, brand_id) VALUES('WT Mint6', 'https://www.loackerusa.com/uploads/pics/Home_Schokotafeln_Teaser_M_01.jpg', '2.95', '31') RETURNING *;
-- INSERT INTO products (name, img, price, brand_id) VALUES('LK Mint1', 'https://www.loackerusa.com/uploads/pics/Home_Schokotafeln_Teaser_M_01.jpg', '2.95', '32') RETURNING *;
-- INSERT INTO products (name, img, price, brand_id) VALUES('LK Mint2', 'https://www.loackerusa.com/uploads/pics/Home_Schokotafeln_Teaser_M_01.jpg', '2.95', '32') RETURNING *;
-- INSERT INTO products (name, img, price, brand_id) VALUES('LK Mint3', 'https://www.loackerusa.com/uploads/pics/Home_Schokotafeln_Teaser_M_01.jpg', '2.95', '32') RETURNING *;
-- INSERT INTO products (name, img, price, brand_id) VALUES('LK Mint4', 'https://www.loackerusa.com/uploads/pics/Home_Schokotafeln_Teaser_M_01.jpg', '2.95', '32') RETURNING *;
-- INSERT INTO products (name, img, price, brand_id) VALUES('LK Mint5', 'https://www.loackerusa.com/uploads/pics/Home_Schokotafeln_Teaser_M_01.jpg', '2.95', '32') RETURNING *;
-- INSERT INTO products (name, img, price, brand_id) VALUES('LK Mint6', 'https://www.loackerusa.com/uploads/pics/Home_Schokotafeln_Teaser_M_01.jpg', '2.95', '32') RETURNING *;
-- INSERT INTO products (name, img, price, brand_id) VALUES('MC Mint1', 'https://www.loackerusa.com/uploads/pics/Home_Schokotafeln_Teaser_M_01.jpg', '2.95', '33') RETURNING *;
-- INSERT INTO products (name, img, price, brand_id) VALUES('MC Mint2', 'https://www.loackerusa.com/uploads/pics/Home_Schokotafeln_Teaser_M_01.jpg', '2.95', '33') RETURNING *;
-- INSERT INTO products (name, img, price, brand_id) VALUES('MC Mint3', 'https://www.loackerusa.com/uploads/pics/Home_Schokotafeln_Teaser_M_01.jpg', '2.95', '33') RETURNING *;
-- INSERT INTO products (name, img, price, brand_id) VALUES('MC Mint4', 'https://www.loackerusa.com/uploads/pics/Home_Schokotafeln_Teaser_M_01.jpg', '2.95', '33') RETURNING *;
-- INSERT INTO products (name, img, price, brand_id) VALUES('MC Mint5', 'https://www.loackerusa.com/uploads/pics/Home_Schokotafeln_Teaser_M_01.jpg', '2.95', '33') RETURNING *;
-- INSERT INTO products (name, img, price, brand_id) VALUES('MC Mint6', 'https://www.loackerusa.com/uploads/pics/Home_Schokotafeln_Teaser_M_01.jpg', '2.95', '33') RETURNING *;
-- INSERT INTO products (name, img, price, brand_id) VALUES('LT Mint1', 'https://www.loackerusa.com/uploads/pics/Home_Schokotafeln_Teaser_M_01.jpg', '2.95', '34') RETURNING *;
-- INSERT INTO products (name, img, price, brand_id) VALUES('LT Mint2', 'https://www.loackerusa.com/uploads/pics/Home_Schokotafeln_Teaser_M_01.jpg', '2.95', '34') RETURNING *;
-- INSERT INTO products (name, img, price, brand_id) VALUES('LT Mint3', 'https://www.loackerusa.com/uploads/pics/Home_Schokotafeln_Teaser_M_01.jpg', '2.95', '34') RETURNING *;
-- INSERT INTO products (name, img, price, brand_id) VALUES('LT Mint4', 'https://www.loackerusa.com/uploads/pics/Home_Schokotafeln_Teaser_M_01.jpg', '2.95', '34') RETURNING *;
-- INSERT INTO products (name, img, price, brand_id) VALUES('LT Mint5', 'https://www.loackerusa.com/uploads/pics/Home_Schokotafeln_Teaser_M_01.jpg', '2.95', '34') RETURNING *;
-- INSERT INTO products (name, img, price, brand_id) VALUES('LT Mint6', 'https://www.loackerusa.com/uploads/pics/Home_Schokotafeln_Teaser_M_01.jpg', '2.95', '34') RETURNING *;
-- INSERT INTO products (name, img, price, brand_id) VALUES('RS Mint1', 'https://www.loackerusa.com/uploads/pics/Home_Schokotafeln_Teaser_M_01.jpg', '2.95', '35') RETURNING *;
-- INSERT INTO products (name, img, price, brand_id) VALUES('RS Mint2', 'https://www.loackerusa.com/uploads/pics/Home_Schokotafeln_Teaser_M_01.jpg', '2.95', '35') RETURNING *;
-- INSERT INTO products (name, img, price, brand_id) VALUES('RS Mint3', 'https://www.loackerusa.com/uploads/pics/Home_Schokotafeln_Teaser_M_01.jpg', '2.95', '35') RETURNING *;
-- INSERT INTO products (name, img, price, brand_id) VALUES('RS Mint4', 'https://www.loackerusa.com/uploads/pics/Home_Schokotafeln_Teaser_M_01.jpg', '2.95', '35') RETURNING *;
-- INSERT INTO products (name, img, price, brand_id) VALUES('RS Mint5', 'https://www.loackerusa.com/uploads/pics/Home_Schokotafeln_Teaser_M_01.jpg', '2.95', '35') RETURNING *;
-- INSERT INTO products (name, img, price, brand_id) VALUES('RS Mint6', 'https://www.loackerusa.com/uploads/pics/Home_Schokotafeln_Teaser_M_01.jpg', '2.95', '35') RETURNING *;
-- INSERT INTO products (name, img, price, brand_id) VALUES('GL Mint1', 'https://www.loackerusa.com/uploads/pics/Home_Schokotafeln_Teaser_M_01.jpg', '2.95', '36') RETURNING *;
-- INSERT INTO products (name, img, price, brand_id) VALUES('GL Mint2', 'https://www.loackerusa.com/uploads/pics/Home_Schokotafeln_Teaser_M_01.jpg', '2.95', '36') RETURNING *;
-- INSERT INTO products (name, img, price, brand_id) VALUES('GL Mint3', 'https://www.loackerusa.com/uploads/pics/Home_Schokotafeln_Teaser_M_01.jpg', '2.95', '36') RETURNING *;
-- INSERT INTO products (name, img, price, brand_id) VALUES('GL Mint4', 'https://www.loackerusa.com/uploads/pics/Home_Schokotafeln_Teaser_M_01.jpg', '2.95', '36') RETURNING *;
-- INSERT INTO products (name, img, price, brand_id) VALUES('GL Mint5', 'https://www.loackerusa.com/uploads/pics/Home_Schokotafeln_Teaser_M_01.jpg', '2.95', '36') RETURNING *;
-- INSERT INTO products (name, img, price, brand_id) VALUES('GL Mint6', 'https://www.loackerusa.com/uploads/pics/Home_Schokotafeln_Teaser_M_01.jpg', '2.95', '36') RETURNING *;
-- INSERT INTO products (name, img, price, brand_id) VALUES('WT Gummy1', 'https://www.loackerusa.com/uploads/pics/Home_Schokotafeln_Teaser_M_01.jpg', '2.95', '37') RETURNING *;
-- INSERT INTO products (name, img, price, brand_id) VALUES('WT Gummy2', 'https://www.loackerusa.com/uploads/pics/Home_Schokotafeln_Teaser_M_01.jpg', '2.95', '37') RETURNING *;
-- INSERT INTO products (name, img, price, brand_id) VALUES('WT Gummy3', 'https://www.loackerusa.com/uploads/pics/Home_Schokotafeln_Teaser_M_01.jpg', '2.95', '37') RETURNING *;
-- INSERT INTO products (name, img, price, brand_id) VALUES('WT Gummy4', 'https://www.loackerusa.com/uploads/pics/Home_Schokotafeln_Teaser_M_01.jpg', '2.95', '37') RETURNING *;
-- INSERT INTO products (name, img, price, brand_id) VALUES('WT Gummy5', 'https://www.loackerusa.com/uploads/pics/Home_Schokotafeln_Teaser_M_01.jpg', '2.95', '37') RETURNING *;
-- INSERT INTO products (name, img, price, brand_id) VALUES('WT Gummy6', 'https://www.loackerusa.com/uploads/pics/Home_Schokotafeln_Teaser_M_01.jpg', '2.95', '37') RETURNING *;
-- INSERT INTO products (name, img, price, brand_id) VALUES('LK Gummy1', 'https://www.loackerusa.com/uploads/pics/Home_Schokotafeln_Teaser_M_01.jpg', '2.95', '38') RETURNING *;
-- INSERT INTO products (name, img, price, brand_id) VALUES('LK Gummy2', 'https://www.loackerusa.com/uploads/pics/Home_Schokotafeln_Teaser_M_01.jpg', '2.95', '38') RETURNING *;
-- INSERT INTO products (name, img, price, brand_id) VALUES('LK Gummy3', 'https://www.loackerusa.com/uploads/pics/Home_Schokotafeln_Teaser_M_01.jpg', '2.95', '38') RETURNING *;
-- INSERT INTO products (name, img, price, brand_id) VALUES('LK Gummy4', 'https://www.loackerusa.com/uploads/pics/Home_Schokotafeln_Teaser_M_01.jpg', '2.95', '38') RETURNING *;
-- INSERT INTO products (name, img, price, brand_id) VALUES('LK Gummy5', 'https://www.loackerusa.com/uploads/pics/Home_Schokotafeln_Teaser_M_01.jpg', '2.95', '38') RETURNING *;
-- INSERT INTO products (name, img, price, brand_id) VALUES('LK Gummy6', 'https://www.loackerusa.com/uploads/pics/Home_Schokotafeln_Teaser_M_01.jpg', '2.95', '38') RETURNING *;
-- INSERT INTO products (name, img, price, brand_id) VALUES('MC Gummy1', 'https://www.loackerusa.com/uploads/pics/Home_Schokotafeln_Teaser_M_01.jpg', '2.95', '39') RETURNING *;
-- INSERT INTO products (name, img, price, brand_id) VALUES('MC Gummy2', 'https://www.loackerusa.com/uploads/pics/Home_Schokotafeln_Teaser_M_01.jpg', '2.95', '39') RETURNING *;
-- INSERT INTO products (name, img, price, brand_id) VALUES('MC Gummy3', 'https://www.loackerusa.com/uploads/pics/Home_Schokotafeln_Teaser_M_01.jpg', '2.95', '39') RETURNING *;
-- INSERT INTO products (name, img, price, brand_id) VALUES('MC Gummy4', 'https://www.loackerusa.com/uploads/pics/Home_Schokotafeln_Teaser_M_01.jpg', '2.95', '39') RETURNING *;
-- INSERT INTO products (name, img, price, brand_id) VALUES('MC Gummy5', 'https://www.loackerusa.com/uploads/pics/Home_Schokotafeln_Teaser_M_01.jpg', '2.95', '39') RETURNING *;
-- INSERT INTO products (name, img, price, brand_id) VALUES('MC Gummy6', 'https://www.loackerusa.com/uploads/pics/Home_Schokotafeln_Teaser_M_01.jpg', '2.95', '39') RETURNING *;
-- INSERT INTO products (name, img, price, brand_id) VALUES('LT Gummy1', 'https://www.loackerusa.com/uploads/pics/Home_Schokotafeln_Teaser_M_01.jpg', '2.95', '40') RETURNING *;
-- INSERT INTO products (name, img, price, brand_id) VALUES('LT Gummy2', 'https://www.loackerusa.com/uploads/pics/Home_Schokotafeln_Teaser_M_01.jpg', '2.95', '40') RETURNING *;
-- INSERT INTO products (name, img, price, brand_id) VALUES('LT Gummy3', 'https://www.loackerusa.com/uploads/pics/Home_Schokotafeln_Teaser_M_01.jpg', '2.95', '40') RETURNING *;
-- INSERT INTO products (name, img, price, brand_id) VALUES('LT Gummy4', 'https://www.loackerusa.com/uploads/pics/Home_Schokotafeln_Teaser_M_01.jpg', '2.95', '40') RETURNING *;
-- INSERT INTO products (name, img, price, brand_id) VALUES('LT Gummy5', 'https://www.loackerusa.com/uploads/pics/Home_Schokotafeln_Teaser_M_01.jpg', '2.95', '40') RETURNING *;
-- INSERT INTO products (name, img, price, brand_id) VALUES('LT Gummy6', 'https://www.loackerusa.com/uploads/pics/Home_Schokotafeln_Teaser_M_01.jpg', '2.95', '40') RETURNING *;
-- INSERT INTO products (name, img, price, brand_id) VALUES('RS Gummy1', 'https://www.loackerusa.com/uploads/pics/Home_Schokotafeln_Teaser_M_01.jpg', '2.95', '41') RETURNING *;
-- INSERT INTO products (name, img, price, brand_id) VALUES('RS Gummy2', 'https://www.loackerusa.com/uploads/pics/Home_Schokotafeln_Teaser_M_01.jpg', '2.95', '41') RETURNING *;
-- INSERT INTO products (name, img, price, brand_id) VALUES('RS Gummy3', 'https://www.loackerusa.com/uploads/pics/Home_Schokotafeln_Teaser_M_01.jpg', '2.95', '41') RETURNING *;
-- INSERT INTO products (name, img, price, brand_id) VALUES('RS Gummy4', 'https://www.loackerusa.com/uploads/pics/Home_Schokotafeln_Teaser_M_01.jpg', '2.95', '41') RETURNING *;
-- INSERT INTO products (name, img, price, brand_id) VALUES('RS Gummy5', 'https://www.loackerusa.com/uploads/pics/Home_Schokotafeln_Teaser_M_01.jpg', '2.95', '41') RETURNING *;
-- INSERT INTO products (name, img, price, brand_id) VALUES('RS Gummy6', 'https://www.loackerusa.com/uploads/pics/Home_Schokotafeln_Teaser_M_01.jpg', '2.95', '41') RETURNING *;
-- INSERT INTO products (name, img, price, brand_id) VALUES('GL Gummy1', 'https://www.loackerusa.com/uploads/pics/Home_Schokotafeln_Teaser_M_01.jpg', '2.95', '42') RETURNING *;
-- INSERT INTO products (name, img, price, brand_id) VALUES('GL Gummy2', 'https://www.loackerusa.com/uploads/pics/Home_Schokotafeln_Teaser_M_01.jpg', '2.95', '42') RETURNING *;
-- INSERT INTO products (name, img, price, brand_id) VALUES('GL Gummy3', 'https://www.loackerusa.com/uploads/pics/Home_Schokotafeln_Teaser_M_01.jpg', '2.95', '42') RETURNING *;
-- INSERT INTO products (name, img, price, brand_id) VALUES('GL Gummy4', 'https://www.loackerusa.com/uploads/pics/Home_Schokotafeln_Teaser_M_01.jpg', '2.95', '42') RETURNING *;
-- INSERT INTO products (name, img, price, brand_id) VALUES('GL Gummy5', 'https://www.loackerusa.com/uploads/pics/Home_Schokotafeln_Teaser_M_01.jpg', '2.95', '42') RETURNING *;
-- INSERT INTO products (name, img, price, brand_id) VALUES('GL Gummy6', 'https://www.loackerusa.com/uploads/pics/Home_Schokotafeln_Teaser_M_01.jpg', '2.95', '42') RETURNING *;
-- INSERT INTO products (name, img, price, brand_id) VALUES('WT Savoury1', 'https://www.loackerusa.com/uploads/pics/Home_Schokotafeln_Teaser_M_01.jpg', '2.95', '43') RETURNING *;
-- INSERT INTO products (name, img, price, brand_id) VALUES('WT Savoury2', 'https://www.loackerusa.com/uploads/pics/Home_Schokotafeln_Teaser_M_01.jpg', '2.95', '43') RETURNING *;
-- INSERT INTO products (name, img, price, brand_id) VALUES('WT Savoury3', 'https://www.loackerusa.com/uploads/pics/Home_Schokotafeln_Teaser_M_01.jpg', '2.95', '43') RETURNING *;
-- INSERT INTO products (name, img, price, brand_id) VALUES('WT Savoury4', 'https://www.loackerusa.com/uploads/pics/Home_Schokotafeln_Teaser_M_01.jpg', '2.95', '43') RETURNING *;
-- INSERT INTO products (name, img, price, brand_id) VALUES('WT Savoury5', 'https://www.loackerusa.com/uploads/pics/Home_Schokotafeln_Teaser_M_01.jpg', '2.95', '43') RETURNING *;
-- INSERT INTO products (name, img, price, brand_id) VALUES('WT Savoury6', 'https://www.loackerusa.com/uploads/pics/Home_Schokotafeln_Teaser_M_01.jpg', '2.95', '43') RETURNING *;
-- INSERT INTO products (name, img, price, brand_id) VALUES('LK Savoury1', 'https://www.loackerusa.com/uploads/pics/Home_Schokotafeln_Teaser_M_01.jpg', '2.95', '44') RETURNING *;
-- INSERT INTO products (name, img, price, brand_id) VALUES('LK Savoury2', 'https://www.loackerusa.com/uploads/pics/Home_Schokotafeln_Teaser_M_01.jpg', '2.95', '44') RETURNING *;
-- INSERT INTO products (name, img, price, brand_id) VALUES('LK Savoury3', 'https://www.loackerusa.com/uploads/pics/Home_Schokotafeln_Teaser_M_01.jpg', '2.95', '44') RETURNING *;
-- INSERT INTO products (name, img, price, brand_id) VALUES('LK Savoury4', 'https://www.loackerusa.com/uploads/pics/Home_Schokotafeln_Teaser_M_01.jpg', '2.95', '44') RETURNING *;
-- INSERT INTO products (name, img, price, brand_id) VALUES('LK Savoury5', 'https://www.loackerusa.com/uploads/pics/Home_Schokotafeln_Teaser_M_01.jpg', '2.95', '44') RETURNING *;
-- INSERT INTO products (name, img, price, brand_id) VALUES('LK Savoury6', 'https://www.loackerusa.com/uploads/pics/Home_Schokotafeln_Teaser_M_01.jpg', '2.95', '44') RETURNING *;
-- INSERT INTO products (name, img, price, brand_id) VALUES('MC Savoury1', 'https://www.loackerusa.com/uploads/pics/Home_Schokotafeln_Teaser_M_01.jpg', '2.95', '45') RETURNING *;
-- INSERT INTO products (name, img, price, brand_id) VALUES('MC Savoury2', 'https://www.loackerusa.com/uploads/pics/Home_Schokotafeln_Teaser_M_01.jpg', '2.95', '45') RETURNING *;
-- INSERT INTO products (name, img, price, brand_id) VALUES('MC Savoury3', 'https://www.loackerusa.com/uploads/pics/Home_Schokotafeln_Teaser_M_01.jpg', '2.95', '45') RETURNING *;
-- INSERT INTO products (name, img, price, brand_id) VALUES('MC Savoury4', 'https://www.loackerusa.com/uploads/pics/Home_Schokotafeln_Teaser_M_01.jpg', '2.95', '45') RETURNING *;
-- INSERT INTO products (name, img, price, brand_id) VALUES('MC Savoury5', 'https://www.loackerusa.com/uploads/pics/Home_Schokotafeln_Teaser_M_01.jpg', '2.95', '45') RETURNING *;
-- INSERT INTO products (name, img, price, brand_id) VALUES('MC Savoury6', 'https://www.loackerusa.com/uploads/pics/Home_Schokotafeln_Teaser_M_01.jpg', '2.95', '45') RETURNING *;
-- INSERT INTO products (name, img, price, brand_id) VALUES('LT Savoury1', 'https://www.loackerusa.com/uploads/pics/Home_Schokotafeln_Teaser_M_01.jpg', '2.95', '46') RETURNING *;
-- INSERT INTO products (name, img, price, brand_id) VALUES('LT Savoury2', 'https://www.loackerusa.com/uploads/pics/Home_Schokotafeln_Teaser_M_01.jpg', '2.95', '46') RETURNING *;
-- INSERT INTO products (name, img, price, brand_id) VALUES('LT Savoury3', 'https://www.loackerusa.com/uploads/pics/Home_Schokotafeln_Teaser_M_01.jpg', '2.95', '46') RETURNING *;
-- INSERT INTO products (name, img, price, brand_id) VALUES('LT Savoury4', 'https://www.loackerusa.com/uploads/pics/Home_Schokotafeln_Teaser_M_01.jpg', '2.95', '46') RETURNING *;
-- INSERT INTO products (name, img, price, brand_id) VALUES('LT Savoury5', 'https://www.loackerusa.com/uploads/pics/Home_Schokotafeln_Teaser_M_01.jpg', '2.95', '46') RETURNING *;
-- INSERT INTO products (name, img, price, brand_id) VALUES('LT Savoury6', 'https://www.loackerusa.com/uploads/pics/Home_Schokotafeln_Teaser_M_01.jpg', '2.95', '46') RETURNING *;
-- INSERT INTO products (name, img, price, brand_id) VALUES('RS Savoury1', 'https://www.loackerusa.com/uploads/pics/Home_Schokotafeln_Teaser_M_01.jpg', '2.95', '47') RETURNING *;
-- INSERT INTO products (name, img, price, brand_id) VALUES('RS Savoury2', 'https://www.loackerusa.com/uploads/pics/Home_Schokotafeln_Teaser_M_01.jpg', '2.95', '47') RETURNING *;
-- INSERT INTO products (name, img, price, brand_id) VALUES('RS Savoury3', 'https://www.loackerusa.com/uploads/pics/Home_Schokotafeln_Teaser_M_01.jpg', '2.95', '47') RETURNING *;
-- INSERT INTO products (name, img, price, brand_id) VALUES('RS Savoury4', 'https://www.loackerusa.com/uploads/pics/Home_Schokotafeln_Teaser_M_01.jpg', '2.95', '47') RETURNING *;
-- INSERT INTO products (name, img, price, brand_id) VALUES('RS Savoury5', 'https://www.loackerusa.com/uploads/pics/Home_Schokotafeln_Teaser_M_01.jpg', '2.95', '47') RETURNING *;
-- INSERT INTO products (name, img, price, brand_id) VALUES('RS Savoury6', 'https://www.loackerusa.com/uploads/pics/Home_Schokotafeln_Teaser_M_01.jpg', '2.95', '47') RETURNING *;
-- INSERT INTO products (name, img, price, brand_id) VALUES('GL Savoury1', 'https://www.loackerusa.com/uploads/pics/Home_Schokotafeln_Teaser_M_01.jpg', '2.95', '48') RETURNING *;
-- INSERT INTO products (name, img, price, brand_id) VALUES('GL Savoury2', 'https://www.loackerusa.com/uploads/pics/Home_Schokotafeln_Teaser_M_01.jpg', '2.95', '48') RETURNING *;
-- INSERT INTO products (name, img, price, brand_id) VALUES('GL Savoury3', 'https://www.loackerusa.com/uploads/pics/Home_Schokotafeln_Teaser_M_01.jpg', '2.95', '48') RETURNING *;
-- INSERT INTO products (name, img, price, brand_id) VALUES('GL Savoury4', 'https://www.loackerusa.com/uploads/pics/Home_Schokotafeln_Teaser_M_01.jpg', '2.95', '48') RETURNING *;
-- INSERT INTO products (name, img, price, brand_id) VALUES('GL Savoury5', 'https://www.loackerusa.com/uploads/pics/Home_Schokotafeln_Teaser_M_01.jpg', '2.95', '48') RETURNING *;
-- INSERT INTO products (name, img, price, brand_id) VALUES('GL Savoury6', 'https://www.loackerusa.com/uploads/pics/Home_Schokotafeln_Teaser_M_01.jpg', '2.95', '48') RETURNING *;
-- INSERT INTO products (name, img, price, brand_id) VALUES('WT Beverage1', 'https://www.loackerusa.com/uploads/pics/Home_Schokotafeln_Teaser_M_01.jpg', '2.95', '49') RETURNING *;
-- INSERT INTO products (name, img, price, brand_id) VALUES('WT Beverage2', 'https://www.loackerusa.com/uploads/pics/Home_Schokotafeln_Teaser_M_01.jpg', '2.95', '49') RETURNING *;
-- INSERT INTO products (name, img, price, brand_id) VALUES('WT Beverage3', 'https://www.loackerusa.com/uploads/pics/Home_Schokotafeln_Teaser_M_01.jpg', '2.95', '49') RETURNING *;
-- INSERT INTO products (name, img, price, brand_id) VALUES('WT Beverage4', 'https://www.loackerusa.com/uploads/pics/Home_Schokotafeln_Teaser_M_01.jpg', '2.95', '49') RETURNING *;
-- INSERT INTO products (name, img, price, brand_id) VALUES('WT Beverage5', 'https://www.loackerusa.com/uploads/pics/Home_Schokotafeln_Teaser_M_01.jpg', '2.95', '49') RETURNING *;
-- INSERT INTO products (name, img, price, brand_id) VALUES('WT Beverage6', 'https://www.loackerusa.com/uploads/pics/Home_Schokotafeln_Teaser_M_01.jpg', '2.95', '49') RETURNING *;
-- INSERT INTO products (name, img, price, brand_id) VALUES('LK Beverage1', 'https://www.loackerusa.com/uploads/pics/Home_Schokotafeln_Teaser_M_01.jpg', '2.95', '50') RETURNING *;
-- INSERT INTO products (name, img, price, brand_id) VALUES('LK Beverage2', 'https://www.loackerusa.com/uploads/pics/Home_Schokotafeln_Teaser_M_01.jpg', '2.95', '50') RETURNING *;
-- INSERT INTO products (name, img, price, brand_id) VALUES('LK Beverage3', 'https://www.loackerusa.com/uploads/pics/Home_Schokotafeln_Teaser_M_01.jpg', '2.95', '50') RETURNING *;
-- INSERT INTO products (name, img, price, brand_id) VALUES('LK Beverage4', 'https://www.loackerusa.com/uploads/pics/Home_Schokotafeln_Teaser_M_01.jpg', '2.95', '50') RETURNING *;
-- INSERT INTO products (name, img, price, brand_id) VALUES('LK Beverage5', 'https://www.loackerusa.com/uploads/pics/Home_Schokotafeln_Teaser_M_01.jpg', '2.95', '50') RETURNING *;
-- INSERT INTO products (name, img, price, brand_id) VALUES('LK Beverage6', 'https://www.loackerusa.com/uploads/pics/Home_Schokotafeln_Teaser_M_01.jpg', '2.95', '50') RETURNING *;
-- INSERT INTO products (name, img, price, brand_id) VALUES('MC Beverage1', 'https://www.loackerusa.com/uploads/pics/Home_Schokotafeln_Teaser_M_01.jpg', '2.95', '51') RETURNING *;
-- INSERT INTO products (name, img, price, brand_id) VALUES('MC Beverage2', 'https://www.loackerusa.com/uploads/pics/Home_Schokotafeln_Teaser_M_01.jpg', '2.95', '51') RETURNING *;
-- INSERT INTO products (name, img, price, brand_id) VALUES('MC Beverage3', 'https://www.loackerusa.com/uploads/pics/Home_Schokotafeln_Teaser_M_01.jpg', '2.95', '51') RETURNING *;
-- INSERT INTO products (name, img, price, brand_id) VALUES('MC Beverage4', 'https://www.loackerusa.com/uploads/pics/Home_Schokotafeln_Teaser_M_01.jpg', '2.95', '51') RETURNING *;
-- INSERT INTO products (name, img, price, brand_id) VALUES('MC Beverage5', 'https://www.loackerusa.com/uploads/pics/Home_Schokotafeln_Teaser_M_01.jpg', '2.95', '51') RETURNING *;
-- INSERT INTO products (name, img, price, brand_id) VALUES('MC Beverage6', 'https://www.loackerusa.com/uploads/pics/Home_Schokotafeln_Teaser_M_01.jpg', '2.95', '51') RETURNING *;
-- INSERT INTO products (name, img, price, brand_id) VALUES('LT Beverage1', 'https://www.loackerusa.com/uploads/pics/Home_Schokotafeln_Teaser_M_01.jpg', '2.95', '52') RETURNING *;
-- INSERT INTO products (name, img, price, brand_id) VALUES('LT Beverage2', 'https://www.loackerusa.com/uploads/pics/Home_Schokotafeln_Teaser_M_01.jpg', '2.95', '52') RETURNING *;
-- INSERT INTO products (name, img, price, brand_id) VALUES('LT Beverage3', 'https://www.loackerusa.com/uploads/pics/Home_Schokotafeln_Teaser_M_01.jpg', '2.95', '52') RETURNING *;
-- INSERT INTO products (name, img, price, brand_id) VALUES('LT Beverage4', 'https://www.loackerusa.com/uploads/pics/Home_Schokotafeln_Teaser_M_01.jpg', '2.95', '52') RETURNING *;
-- INSERT INTO products (name, img, price, brand_id) VALUES('LT Beverage5', 'https://www.loackerusa.com/uploads/pics/Home_Schokotafeln_Teaser_M_01.jpg', '2.95', '52') RETURNING *;
-- INSERT INTO products (name, img, price, brand_id) VALUES('LT Beverage6', 'https://www.loackerusa.com/uploads/pics/Home_Schokotafeln_Teaser_M_01.jpg', '2.95', '52') RETURNING *;
-- INSERT INTO products (name, img, price, brand_id) VALUES('RS Beverage1', 'https://www.loackerusa.com/uploads/pics/Home_Schokotafeln_Teaser_M_01.jpg', '2.95', '53') RETURNING *;
-- INSERT INTO products (name, img, price, brand_id) VALUES('RS Beverage2', 'https://www.loackerusa.com/uploads/pics/Home_Schokotafeln_Teaser_M_01.jpg', '2.95', '53') RETURNING *;
-- INSERT INTO products (name, img, price, brand_id) VALUES('RS Beverage3', 'https://www.loackerusa.com/uploads/pics/Home_Schokotafeln_Teaser_M_01.jpg', '2.95', '53') RETURNING *;
-- INSERT INTO products (name, img, price, brand_id) VALUES('RS Beverage4', 'https://www.loackerusa.com/uploads/pics/Home_Schokotafeln_Teaser_M_01.jpg', '2.95', '53') RETURNING *;
-- INSERT INTO products (name, img, price, brand_id) VALUES('RS Beverage5', 'https://www.loackerusa.com/uploads/pics/Home_Schokotafeln_Teaser_M_01.jpg', '2.95', '53') RETURNING *;
-- INSERT INTO products (name, img, price, brand_id) VALUES('RS Beverage6', 'https://www.loackerusa.com/uploads/pics/Home_Schokotafeln_Teaser_M_01.jpg', '2.95', '53') RETURNING *;
-- INSERT INTO products (name, img, price, brand_id) VALUES('GL Beverage1', 'https://www.loackerusa.com/uploads/pics/Home_Schokotafeln_Teaser_M_01.jpg', '2.95', '54') RETURNING *;
-- INSERT INTO products (name, img, price, brand_id) VALUES('GL Beverage2', 'https://www.loackerusa.com/uploads/pics/Home_Schokotafeln_Teaser_M_01.jpg', '2.95', '54') RETURNING *;
-- INSERT INTO products (name, img, price, brand_id) VALUES('GL Beverage3', 'https://www.loackerusa.com/uploads/pics/Home_Schokotafeln_Teaser_M_01.jpg', '2.95', '54') RETURNING *;
-- INSERT INTO products (name, img, price, brand_id) VALUES('GL Beverage4', 'https://www.loackerusa.com/uploads/pics/Home_Schokotafeln_Teaser_M_01.jpg', '2.95', '54') RETURNING *;
-- INSERT INTO products (name, img, price, brand_id) VALUES('GL Beverage5', 'https://www.loackerusa.com/uploads/pics/Home_Schokotafeln_Teaser_M_01.jpg', '2.95', '54') RETURNING *;
-- INSERT INTO products (name, img, price, brand_id) VALUES('GL Beverage6', 'https://www.loackerusa.com/uploads/pics/Home_Schokotafeln_Teaser_M_01.jpg', '2.95', '54') RETURNING *;

-- INSERT INTO category_product (category_id, product_id) VALUES('1','1') RETURNING *;
-- INSERT INTO category_product (category_id, product_id) VALUES('1','2') RETURNING *;
-- INSERT INTO category_product (category_id, product_id) VALUES('1','3') RETURNING *;
-- INSERT INTO category_product (category_id, product_id) VALUES('1','4') RETURNING *;
-- INSERT INTO category_product (category_id, product_id) VALUES('1','5') RETURNING *;
-- INSERT INTO category_product (category_id, product_id) VALUES('1','6') RETURNING *;
-- INSERT INTO category_product (category_id, product_id) VALUES('1','7') RETURNING *;
-- INSERT INTO category_product (category_id, product_id) VALUES('1','8') RETURNING *;
-- INSERT INTO category_product (category_id, product_id) VALUES('1','9') RETURNING *;
-- INSERT INTO category_product (category_id, product_id) VALUES('1','10') RETURNING *;
-- INSERT INTO category_product (category_id, product_id) VALUES('1','11') RETURNING *;
-- INSERT INTO category_product (category_id, product_id) VALUES('1','12') RETURNING *;
-- INSERT INTO category_product (category_id, product_id) VALUES('1','13') RETURNING *;
-- INSERT INTO category_product (category_id, product_id) VALUES('1','14') RETURNING *;
-- INSERT INTO category_product (category_id, product_id) VALUES('1','15') RETURNING *;
-- INSERT INTO category_product (category_id, product_id) VALUES('1','16') RETURNING *;
-- INSERT INTO category_product (category_id, product_id) VALUES('1','17') RETURNING *;
-- INSERT INTO category_product (category_id, product_id) VALUES('1','18') RETURNING *;
-- INSERT INTO category_product (category_id, product_id) VALUES('1','19') RETURNING *;
-- INSERT INTO category_product (category_id, product_id) VALUES('1','20') RETURNING *;
-- INSERT INTO category_product (category_id, product_id) VALUES('1','21') RETURNING *;
-- INSERT INTO category_product (category_id, product_id) VALUES('1','22') RETURNING *;
-- INSERT INTO category_product (category_id, product_id) VALUES('1','23') RETURNING *;
-- INSERT INTO category_product (category_id, product_id) VALUES('1','24') RETURNING *;
-- INSERT INTO category_product (category_id, product_id) VALUES('1','25') RETURNING *;
-- INSERT INTO category_product (category_id, product_id) VALUES('1','26') RETURNING *;
-- INSERT INTO category_product (category_id, product_id) VALUES('1','27') RETURNING *;
-- INSERT INTO category_product (category_id, product_id) VALUES('1','28') RETURNING *;
-- INSERT INTO category_product (category_id, product_id) VALUES('1','29') RETURNING *;
-- INSERT INTO category_product (category_id, product_id) VALUES('1','30') RETURNING *;
-- INSERT INTO category_product (category_id, product_id) VALUES('1','31') RETURNING *;
-- INSERT INTO category_product (category_id, product_id) VALUES('1','32') RETURNING *;
-- INSERT INTO category_product (category_id, product_id) VALUES('1','33') RETURNING *;
-- INSERT INTO category_product (category_id, product_id) VALUES('1','34') RETURNING *;
-- INSERT INTO category_product (category_id, product_id) VALUES('1','35') RETURNING *;
-- INSERT INTO category_product (category_id, product_id) VALUES('1','36') RETURNING *;

-- INSERT INTO category_product (category_id, product_id) VALUES('2','37') RETURNING *;
-- INSERT INTO category_product (category_id, product_id) VALUES('2','38') RETURNING *;
-- INSERT INTO category_product (category_id, product_id) VALUES('2','39') RETURNING *;
-- INSERT INTO category_product (category_id, product_id) VALUES('2','40') RETURNING *;
-- INSERT INTO category_product (category_id, product_id) VALUES('2','41') RETURNING *;
-- INSERT INTO category_product (category_id, product_id) VALUES('2','42') RETURNING *;
-- INSERT INTO category_product (category_id, product_id) VALUES('2','43') RETURNING *;
-- INSERT INTO category_product (category_id, product_id) VALUES('2','44') RETURNING *;
-- INSERT INTO category_product (category_id, product_id) VALUES('2','45') RETURNING *;
-- INSERT INTO category_product (category_id, product_id) VALUES('2','46') RETURNING *;
-- INSERT INTO category_product (category_id, product_id) VALUES('2','47') RETURNING *;
-- INSERT INTO category_product (category_id, product_id) VALUES('2','48') RETURNING *;
-- INSERT INTO category_product (category_id, product_id) VALUES('2','49') RETURNING *;
-- INSERT INTO category_product (category_id, product_id) VALUES('2','50') RETURNING *;
-- INSERT INTO category_product (category_id, product_id) VALUES('2','51') RETURNING *;
-- INSERT INTO category_product (category_id, product_id) VALUES('2','52') RETURNING *;
-- INSERT INTO category_product (category_id, product_id) VALUES('2','53') RETURNING *;
-- INSERT INTO category_product (category_id, product_id) VALUES('2','54') RETURNING *;
-- INSERT INTO category_product (category_id, product_id) VALUES('2','55') RETURNING *;
-- INSERT INTO category_product (category_id, product_id) VALUES('2','56') RETURNING *;
-- INSERT INTO category_product (category_id, product_id) VALUES('2','57') RETURNING *;
-- INSERT INTO category_product (category_id, product_id) VALUES('2','58') RETURNING *;
-- INSERT INTO category_product (category_id, product_id) VALUES('2','59') RETURNING *;
-- INSERT INTO category_product (category_id, product_id) VALUES('2','60') RETURNING *;
-- INSERT INTO category_product (category_id, product_id) VALUES('2','61') RETURNING *;
-- INSERT INTO category_product (category_id, product_id) VALUES('2','62') RETURNING *;
-- INSERT INTO category_product (category_id, product_id) VALUES('2','63') RETURNING *;
-- INSERT INTO category_product (category_id, product_id) VALUES('2','64') RETURNING *;
-- INSERT INTO category_product (category_id, product_id) VALUES('2','65') RETURNING *;
-- INSERT INTO category_product (category_id, product_id) VALUES('2','66') RETURNING *;
-- INSERT INTO category_product (category_id, product_id) VALUES('2','67') RETURNING *;
-- INSERT INTO category_product (category_id, product_id) VALUES('2','68') RETURNING *;
-- INSERT INTO category_product (category_id, product_id) VALUES('2','69') RETURNING *;
-- INSERT INTO category_product (category_id, product_id) VALUES('2','70') RETURNING *;
-- INSERT INTO category_product (category_id, product_id) VALUES('2','71') RETURNING *;
-- INSERT INTO category_product (category_id, product_id) VALUES('2','72') RETURNING *;

-- INSERT INTO category_product (category_id, product_id) VALUES('3','73') RETURNING *;
-- INSERT INTO category_product (category_id, product_id) VALUES('3','74') RETURNING *;
-- INSERT INTO category_product (category_id, product_id) VALUES('3','75') RETURNING *;
-- INSERT INTO category_product (category_id, product_id) VALUES('3','76') RETURNING *;
-- INSERT INTO category_product (category_id, product_id) VALUES('3','77') RETURNING *;
-- INSERT INTO category_product (category_id, product_id) VALUES('3','78') RETURNING *;
-- INSERT INTO category_product (category_id, product_id) VALUES('3','79') RETURNING *;
-- INSERT INTO category_product (category_id, product_id) VALUES('3','80') RETURNING *;
-- INSERT INTO category_product (category_id, product_id) VALUES('3','81') RETURNING *;
-- INSERT INTO category_product (category_id, product_id) VALUES('3','82') RETURNING *;
-- INSERT INTO category_product (category_id, product_id) VALUES('3','83') RETURNING *;
-- INSERT INTO category_product (category_id, product_id) VALUES('3','84') RETURNING *;
-- INSERT INTO category_product (category_id, product_id) VALUES('3','85') RETURNING *;
-- INSERT INTO category_product (category_id, product_id) VALUES('3','86') RETURNING *;
-- INSERT INTO category_product (category_id, product_id) VALUES('3','87') RETURNING *;
-- INSERT INTO category_product (category_id, product_id) VALUES('3','88') RETURNING *;
-- INSERT INTO category_product (category_id, product_id) VALUES('3','89') RETURNING *;
-- INSERT INTO category_product (category_id, product_id) VALUES('3','90') RETURNING *;
-- INSERT INTO category_product (category_id, product_id) VALUES('3','91') RETURNING *;
-- INSERT INTO category_product (category_id, product_id) VALUES('3','92') RETURNING *;
-- INSERT INTO category_product (category_id, product_id) VALUES('3','93') RETURNING *;
-- INSERT INTO category_product (category_id, product_id) VALUES('3','94') RETURNING *;
-- INSERT INTO category_product (category_id, product_id) VALUES('3','95') RETURNING *;
-- INSERT INTO category_product (category_id, product_id) VALUES('3','96') RETURNING *;
-- INSERT INTO category_product (category_id, product_id) VALUES('3','97') RETURNING *;
-- INSERT INTO category_product (category_id, product_id) VALUES('3','98') RETURNING *;
-- INSERT INTO category_product (category_id, product_id) VALUES('3','99') RETURNING *;
-- INSERT INTO category_product (category_id, product_id) VALUES('3','100') RETURNING *;
-- INSERT INTO category_product (category_id, product_id) VALUES('3','101') RETURNING *;
-- INSERT INTO category_product (category_id, product_id) VALUES('3','102') RETURNING *;
-- INSERT INTO category_product (category_id, product_id) VALUES('3','103') RETURNING *;
-- INSERT INTO category_product (category_id, product_id) VALUES('3','104') RETURNING *;
-- INSERT INTO category_product (category_id, product_id) VALUES('3','105') RETURNING *;
-- INSERT INTO category_product (category_id, product_id) VALUES('3','106') RETURNING *;
-- INSERT INTO category_product (category_id, product_id) VALUES('3','107') RETURNING *;
-- INSERT INTO category_product (category_id, product_id) VALUES('3','108') RETURNING *;

-- INSERT INTO category_product (category_id, product_id) VALUES('4','109') RETURNING *;
-- INSERT INTO category_product (category_id, product_id) VALUES('4','110') RETURNING *;
-- INSERT INTO category_product (category_id, product_id) VALUES('4','111') RETURNING *;
-- INSERT INTO category_product (category_id, product_id) VALUES('4','112') RETURNING *;
-- INSERT INTO category_product (category_id, product_id) VALUES('4','113') RETURNING *;
-- INSERT INTO category_product (category_id, product_id) VALUES('4','114') RETURNING *;
-- INSERT INTO category_product (category_id, product_id) VALUES('4','115') RETURNING *;
-- INSERT INTO category_product (category_id, product_id) VALUES('4','116') RETURNING *;
-- INSERT INTO category_product (category_id, product_id) VALUES('4','117') RETURNING *;
-- INSERT INTO category_product (category_id, product_id) VALUES('4','118') RETURNING *;
-- INSERT INTO category_product (category_id, product_id) VALUES('4','119') RETURNING *;
-- INSERT INTO category_product (category_id, product_id) VALUES('4','120') RETURNING *;
-- INSERT INTO category_product (category_id, product_id) VALUES('4','121') RETURNING *;
-- INSERT INTO category_product (category_id, product_id) VALUES('4','122') RETURNING *;
-- INSERT INTO category_product (category_id, product_id) VALUES('4','123') RETURNING *;
-- INSERT INTO category_product (category_id, product_id) VALUES('4','124') RETURNING *;
-- INSERT INTO category_product (category_id, product_id) VALUES('4','125') RETURNING *;
-- INSERT INTO category_product (category_id, product_id) VALUES('4','126') RETURNING *;
-- INSERT INTO category_product (category_id, product_id) VALUES('4','127') RETURNING *;
-- INSERT INTO category_product (category_id, product_id) VALUES('4','128') RETURNING *;
-- INSERT INTO category_product (category_id, product_id) VALUES('4','129') RETURNING *;
-- INSERT INTO category_product (category_id, product_id) VALUES('4','130') RETURNING *;
-- INSERT INTO category_product (category_id, product_id) VALUES('4','131') RETURNING *;
-- INSERT INTO category_product (category_id, product_id) VALUES('4','132') RETURNING *;
-- INSERT INTO category_product (category_id, product_id) VALUES('4','133') RETURNING *;
-- INSERT INTO category_product (category_id, product_id) VALUES('4','134') RETURNING *;
-- INSERT INTO category_product (category_id, product_id) VALUES('4','135') RETURNING *;
-- INSERT INTO category_product (category_id, product_id) VALUES('4','136') RETURNING *;
-- INSERT INTO category_product (category_id, product_id) VALUES('4','137') RETURNING *;
-- INSERT INTO category_product (category_id, product_id) VALUES('4','138') RETURNING *;
-- INSERT INTO category_product (category_id, product_id) VALUES('4','139') RETURNING *;
-- INSERT INTO category_product (category_id, product_id) VALUES('4','140') RETURNING *;
-- INSERT INTO category_product (category_id, product_id) VALUES('4','141') RETURNING *;
-- INSERT INTO category_product (category_id, product_id) VALUES('4','142') RETURNING *;
-- INSERT INTO category_product (category_id, product_id) VALUES('4','143') RETURNING *;
-- INSERT INTO category_product (category_id, product_id) VALUES('4','144') RETURNING *;

-- INSERT INTO category_product (category_id, product_id) VALUES('5','145') RETURNING *;
-- INSERT INTO category_product (category_id, product_id) VALUES('5','146') RETURNING *;
-- INSERT INTO category_product (category_id, product_id) VALUES('5','147') RETURNING *;
-- INSERT INTO category_product (category_id, product_id) VALUES('5','148') RETURNING *;
-- INSERT INTO category_product (category_id, product_id) VALUES('5','149') RETURNING *;
-- INSERT INTO category_product (category_id, product_id) VALUES('5','150') RETURNING *;
-- INSERT INTO category_product (category_id, product_id) VALUES('5','151') RETURNING *;
-- INSERT INTO category_product (category_id, product_id) VALUES('5','152') RETURNING *;
-- INSERT INTO category_product (category_id, product_id) VALUES('5','153') RETURNING *;
-- INSERT INTO category_product (category_id, product_id) VALUES('5','154') RETURNING *;
-- INSERT INTO category_product (category_id, product_id) VALUES('5','155') RETURNING *;
-- INSERT INTO category_product (category_id, product_id) VALUES('5','156') RETURNING *;
-- INSERT INTO category_product (category_id, product_id) VALUES('5','157') RETURNING *;
-- INSERT INTO category_product (category_id, product_id) VALUES('5','158') RETURNING *;
-- INSERT INTO category_product (category_id, product_id) VALUES('5','159') RETURNING *;
-- INSERT INTO category_product (category_id, product_id) VALUES('5','160') RETURNING *;
-- INSERT INTO category_product (category_id, product_id) VALUES('5','161') RETURNING *;
-- INSERT INTO category_product (category_id, product_id) VALUES('5','162') RETURNING *;
-- INSERT INTO category_product (category_id, product_id) VALUES('5','163') RETURNING *;
-- INSERT INTO category_product (category_id, product_id) VALUES('5','164') RETURNING *;
-- INSERT INTO category_product (category_id, product_id) VALUES('5','165') RETURNING *;
-- INSERT INTO category_product (category_id, product_id) VALUES('5','166') RETURNING *;
-- INSERT INTO category_product (category_id, product_id) VALUES('5','167') RETURNING *;
-- INSERT INTO category_product (category_id, product_id) VALUES('5','168') RETURNING *;
-- INSERT INTO category_product (category_id, product_id) VALUES('5','169') RETURNING *;
-- INSERT INTO category_product (category_id, product_id) VALUES('5','170') RETURNING *;
-- INSERT INTO category_product (category_id, product_id) VALUES('5','171') RETURNING *;
-- INSERT INTO category_product (category_id, product_id) VALUES('5','172') RETURNING *;
-- INSERT INTO category_product (category_id, product_id) VALUES('5','173') RETURNING *;
-- INSERT INTO category_product (category_id, product_id) VALUES('5','174') RETURNING *;
-- INSERT INTO category_product (category_id, product_id) VALUES('5','175') RETURNING *;
-- INSERT INTO category_product (category_id, product_id) VALUES('5','176') RETURNING *;
-- INSERT INTO category_product (category_id, product_id) VALUES('5','177') RETURNING *;
-- INSERT INTO category_product (category_id, product_id) VALUES('5','178') RETURNING *;
-- INSERT INTO category_product (category_id, product_id) VALUES('5','179') RETURNING *;
-- INSERT INTO category_product (category_id, product_id) VALUES('5','180') RETURNING *;

-- INSERT INTO category_product (category_id, product_id) VALUES('6','181') RETURNING *;
-- INSERT INTO category_product (category_id, product_id) VALUES('6','182') RETURNING *;
-- INSERT INTO category_product (category_id, product_id) VALUES('6','183') RETURNING *;
-- INSERT INTO category_product (category_id, product_id) VALUES('6','184') RETURNING *;
-- INSERT INTO category_product (category_id, product_id) VALUES('6','185') RETURNING *;
-- INSERT INTO category_product (category_id, product_id) VALUES('6','186') RETURNING *;
-- INSERT INTO category_product (category_id, product_id) VALUES('6','187') RETURNING *;
-- INSERT INTO category_product (category_id, product_id) VALUES('6','188') RETURNING *;
-- INSERT INTO category_product (category_id, product_id) VALUES('6','189') RETURNING *;
-- INSERT INTO category_product (category_id, product_id) VALUES('6','190') RETURNING *;
-- INSERT INTO category_product (category_id, product_id) VALUES('6','191') RETURNING *;
-- INSERT INTO category_product (category_id, product_id) VALUES('6','192') RETURNING *;
-- INSERT INTO category_product (category_id, product_id) VALUES('6','193') RETURNING *;
-- INSERT INTO category_product (category_id, product_id) VALUES('6','194') RETURNING *;
-- INSERT INTO category_product (category_id, product_id) VALUES('6','195') RETURNING *;
-- INSERT INTO category_product (category_id, product_id) VALUES('6','196') RETURNING *;
-- INSERT INTO category_product (category_id, product_id) VALUES('6','197') RETURNING *;
-- INSERT INTO category_product (category_id, product_id) VALUES('6','198') RETURNING *;
-- INSERT INTO category_product (category_id, product_id) VALUES('6','199') RETURNING *;
-- INSERT INTO category_product (category_id, product_id) VALUES('6','200') RETURNING *;
-- INSERT INTO category_product (category_id, product_id) VALUES('6','201') RETURNING *;
-- INSERT INTO category_product (category_id, product_id) VALUES('6','202') RETURNING *;
-- INSERT INTO category_product (category_id, product_id) VALUES('6','203') RETURNING *;
-- INSERT INTO category_product (category_id, product_id) VALUES('6','204') RETURNING *;
-- INSERT INTO category_product (category_id, product_id) VALUES('6','205') RETURNING *;
-- INSERT INTO category_product (category_id, product_id) VALUES('6','206') RETURNING *;
-- INSERT INTO category_product (category_id, product_id) VALUES('6','207') RETURNING *;
-- INSERT INTO category_product (category_id, product_id) VALUES('6','208') RETURNING *;
-- INSERT INTO category_product (category_id, product_id) VALUES('6','209') RETURNING *;
-- INSERT INTO category_product (category_id, product_id) VALUES('6','210') RETURNING *;
-- INSERT INTO category_product (category_id, product_id) VALUES('6','211') RETURNING *;
-- INSERT INTO category_product (category_id, product_id) VALUES('6','212') RETURNING *;
-- INSERT INTO category_product (category_id, product_id) VALUES('6','213') RETURNING *;
-- INSERT INTO category_product (category_id, product_id) VALUES('6','214') RETURNING *;
-- INSERT INTO category_product (category_id, product_id) VALUES('6','215') RETURNING *;
-- INSERT INTO category_product (category_id, product_id) VALUES('6','216') RETURNING *;

-- INSERT INTO category_product (category_id, product_id) VALUES('7','217') RETURNING *;
-- INSERT INTO category_product (category_id, product_id) VALUES('7','218') RETURNING *;
-- INSERT INTO category_product (category_id, product_id) VALUES('7','219') RETURNING *;
-- INSERT INTO category_product (category_id, product_id) VALUES('7','220') RETURNING *;
-- INSERT INTO category_product (category_id, product_id) VALUES('7','221') RETURNING *;
-- INSERT INTO category_product (category_id, product_id) VALUES('7','222') RETURNING *;
-- INSERT INTO category_product (category_id, product_id) VALUES('7','223') RETURNING *;
-- INSERT INTO category_product (category_id, product_id) VALUES('7','224') RETURNING *;
-- INSERT INTO category_product (category_id, product_id) VALUES('7','225') RETURNING *;
-- INSERT INTO category_product (category_id, product_id) VALUES('7','226') RETURNING *;
-- INSERT INTO category_product (category_id, product_id) VALUES('7','227') RETURNING *;
-- INSERT INTO category_product (category_id, product_id) VALUES('7','228') RETURNING *;
-- INSERT INTO category_product (category_id, product_id) VALUES('7','229') RETURNING *;
-- INSERT INTO category_product (category_id, product_id) VALUES('7','230') RETURNING *;
-- INSERT INTO category_product (category_id, product_id) VALUES('7','231') RETURNING *;
-- INSERT INTO category_product (category_id, product_id) VALUES('7','232') RETURNING *;
-- INSERT INTO category_product (category_id, product_id) VALUES('7','233') RETURNING *;
-- INSERT INTO category_product (category_id, product_id) VALUES('7','234') RETURNING *;
-- INSERT INTO category_product (category_id, product_id) VALUES('7','235') RETURNING *;
-- INSERT INTO category_product (category_id, product_id) VALUES('7','236') RETURNING *;
-- INSERT INTO category_product (category_id, product_id) VALUES('7','237') RETURNING *;
-- INSERT INTO category_product (category_id, product_id) VALUES('7','238') RETURNING *;
-- INSERT INTO category_product (category_id, product_id) VALUES('7','239') RETURNING *;
-- INSERT INTO category_product (category_id, product_id) VALUES('7','240') RETURNING *;
-- INSERT INTO category_product (category_id, product_id) VALUES('7','241') RETURNING *;
-- INSERT INTO category_product (category_id, product_id) VALUES('7','242') RETURNING *;
-- INSERT INTO category_product (category_id, product_id) VALUES('7','243') RETURNING *;
-- INSERT INTO category_product (category_id, product_id) VALUES('7','244') RETURNING *;
-- INSERT INTO category_product (category_id, product_id) VALUES('7','245') RETURNING *;
-- INSERT INTO category_product (category_id, product_id) VALUES('7','246') RETURNING *;
-- INSERT INTO category_product (category_id, product_id) VALUES('7','247') RETURNING *;
-- INSERT INTO category_product (category_id, product_id) VALUES('7','248') RETURNING *;
-- INSERT INTO category_product (category_id, product_id) VALUES('7','249') RETURNING *;
-- INSERT INTO category_product (category_id, product_id) VALUES('7','250') RETURNING *;
-- INSERT INTO category_product (category_id, product_id) VALUES('7','251') RETURNING *;
-- INSERT INTO category_product (category_id, product_id) VALUES('7','252') RETURNING *;

-- INSERT INTO category_product (category_id, product_id) VALUES('8','253') RETURNING *;
-- INSERT INTO category_product (category_id, product_id) VALUES('8','254') RETURNING *;
-- INSERT INTO category_product (category_id, product_id) VALUES('8','255') RETURNING *;
-- INSERT INTO category_product (category_id, product_id) VALUES('8','256') RETURNING *;
-- INSERT INTO category_product (category_id, product_id) VALUES('8','257') RETURNING *;
-- INSERT INTO category_product (category_id, product_id) VALUES('8','258') RETURNING *;
-- INSERT INTO category_product (category_id, product_id) VALUES('8','259') RETURNING *;
-- INSERT INTO category_product (category_id, product_id) VALUES('8','260') RETURNING *;
-- INSERT INTO category_product (category_id, product_id) VALUES('8','261') RETURNING *;
-- INSERT INTO category_product (category_id, product_id) VALUES('8','262') RETURNING *;
-- INSERT INTO category_product (category_id, product_id) VALUES('8','263') RETURNING *;
-- INSERT INTO category_product (category_id, product_id) VALUES('8','264') RETURNING *;
-- INSERT INTO category_product (category_id, product_id) VALUES('8','265') RETURNING *;
-- INSERT INTO category_product (category_id, product_id) VALUES('8','266') RETURNING *;
-- INSERT INTO category_product (category_id, product_id) VALUES('8','267') RETURNING *;
-- INSERT INTO category_product (category_id, product_id) VALUES('8','268') RETURNING *;
-- INSERT INTO category_product (category_id, product_id) VALUES('8','269') RETURNING *;
-- INSERT INTO category_product (category_id, product_id) VALUES('8','270') RETURNING *;
-- INSERT INTO category_product (category_id, product_id) VALUES('8','271') RETURNING *;
-- INSERT INTO category_product (category_id, product_id) VALUES('8','272') RETURNING *;
-- INSERT INTO category_product (category_id, product_id) VALUES('8','273') RETURNING *;
-- INSERT INTO category_product (category_id, product_id) VALUES('8','274') RETURNING *;
-- INSERT INTO category_product (category_id, product_id) VALUES('8','275') RETURNING *;
-- INSERT INTO category_product (category_id, product_id) VALUES('8','276') RETURNING *;
-- INSERT INTO category_product (category_id, product_id) VALUES('8','277') RETURNING *;
-- INSERT INTO category_product (category_id, product_id) VALUES('8','278') RETURNING *;
-- INSERT INTO category_product (category_id, product_id) VALUES('8','279') RETURNING *;
-- INSERT INTO category_product (category_id, product_id) VALUES('8','280') RETURNING *;
-- INSERT INTO category_product (category_id, product_id) VALUES('8','281') RETURNING *;
-- INSERT INTO category_product (category_id, product_id) VALUES('8','282') RETURNING *;
-- INSERT INTO category_product (category_id, product_id) VALUES('8','283') RETURNING *;
-- INSERT INTO category_product (category_id, product_id) VALUES('8','284') RETURNING *;
-- INSERT INTO category_product (category_id, product_id) VALUES('8','285') RETURNING *;
-- INSERT INTO category_product (category_id, product_id) VALUES('8','286') RETURNING *;
-- INSERT INTO category_product (category_id, product_id) VALUES('8','287') RETURNING *;
-- INSERT INTO category_product (category_id, product_id) VALUES('8','288') RETURNING *;

-- INSERT INTO category_product (category_id, product_id) VALUES('9','289') RETURNING *;
-- INSERT INTO category_product (category_id, product_id) VALUES('9','290') RETURNING *;
-- INSERT INTO category_product (category_id, product_id) VALUES('9','291') RETURNING *;
-- INSERT INTO category_product (category_id, product_id) VALUES('9','292') RETURNING *;
-- INSERT INTO category_product (category_id, product_id) VALUES('9','293') RETURNING *;
-- INSERT INTO category_product (category_id, product_id) VALUES('9','294') RETURNING *;
-- INSERT INTO category_product (category_id, product_id) VALUES('9','295') RETURNING *;
-- INSERT INTO category_product (category_id, product_id) VALUES('9','296') RETURNING *;
-- INSERT INTO category_product (category_id, product_id) VALUES('9','297') RETURNING *;
-- INSERT INTO category_product (category_id, product_id) VALUES('9','298') RETURNING *;
-- INSERT INTO category_product (category_id, product_id) VALUES('9','299') RETURNING *;
-- INSERT INTO category_product (category_id, product_id) VALUES('9','300') RETURNING *;
-- INSERT INTO category_product (category_id, product_id) VALUES('9','301') RETURNING *;
-- INSERT INTO category_product (category_id, product_id) VALUES('9','302') RETURNING *;
-- INSERT INTO category_product (category_id, product_id) VALUES('9','303') RETURNING *;
-- INSERT INTO category_product (category_id, product_id) VALUES('9','304') RETURNING *;
-- INSERT INTO category_product (category_id, product_id) VALUES('9','305') RETURNING *;
-- INSERT INTO category_product (category_id, product_id) VALUES('9','306') RETURNING *;
-- INSERT INTO category_product (category_id, product_id) VALUES('9','307') RETURNING *;
-- INSERT INTO category_product (category_id, product_id) VALUES('9','308') RETURNING *;
-- INSERT INTO category_product (category_id, product_id) VALUES('9','309') RETURNING *;
-- INSERT INTO category_product (category_id, product_id) VALUES('9','310') RETURNING *;
-- INSERT INTO category_product (category_id, product_id) VALUES('9','311') RETURNING *;
-- INSERT INTO category_product (category_id, product_id) VALUES('9','312') RETURNING *;
-- INSERT INTO category_product (category_id, product_id) VALUES('9','313') RETURNING *;
-- INSERT INTO category_product (category_id, product_id) VALUES('9','314') RETURNING *;
-- INSERT INTO category_product (category_id, product_id) VALUES('9','315') RETURNING *;
-- INSERT INTO category_product (category_id, product_id) VALUES('9','316') RETURNING *;
-- INSERT INTO category_product (category_id, product_id) VALUES('9','317') RETURNING *;
-- INSERT INTO category_product (category_id, product_id) VALUES('9','318') RETURNING *;
-- INSERT INTO category_product (category_id, product_id) VALUES('9','319') RETURNING *;
-- INSERT INTO category_product (category_id, product_id) VALUES('9','320') RETURNING *;
-- INSERT INTO category_product (category_id, product_id) VALUES('9','321') RETURNING *;
-- INSERT INTO category_product (category_id, product_id) VALUES('9','322') RETURNING *;
-- INSERT INTO category_product (category_id, product_id) VALUES('9','323') RETURNING *;
-- INSERT INTO category_product (category_id, product_id) VALUES('9','324') RETURNING *;

-- INSERT INTO orders (user_id, status) VALUES('1','Closed') RETURNING *;
-- INSERT INTO orders (user_id, status) VALUES('2','Closed') RETURNING *;
-- INSERT INTO orders (user_id, status) VALUES('3','Closed') RETURNING *;
-- INSERT INTO orders (user_id, status) VALUES('4','Closed') RETURNING *;
-- INSERT INTO orders (user_id, status) VALUES('5','Closed') RETURNING *;
-- INSERT INTO orders (user_id, status) VALUES('6','Closed') RETURNING *;
-- INSERT INTO orders (user_id, status) VALUES('7','Closed') RETURNING *;
-- INSERT INTO orders (user_id, status) VALUES('8','Closed') RETURNING *;
-- INSERT INTO orders (user_id, status) VALUES('9','Closed') RETURNING *;
-- INSERT INTO orders (user_id, status) VALUES('10','Closed') RETURNING *;
-- INSERT INTO orders (user_id, status) VALUES('11','Closed') RETURNING *;
-- INSERT INTO orders (user_id, status) VALUES('12','Closed') RETURNING *;
-- INSERT INTO orders (user_id, status) VALUES('13','Closed') RETURNING *;
-- INSERT INTO orders (user_id, status) VALUES('14','Closed') RETURNING *;
-- INSERT INTO orders (user_id, status) VALUES('15','Closed') RETURNING *;
-- INSERT INTO orders (user_id, status) VALUES('16','Closed') RETURNING *;

-- INSERT INTO order_product (order_id, product_id) VALUES('1','1') RETURNING *;
-- INSERT INTO order_product (order_id, product_id) VALUES('1','1') RETURNING *;
-- INSERT INTO order_product (order_id, product_id) VALUES('1','2') RETURNING *;
-- INSERT INTO order_product (order_id, product_id) VALUES('1','2') RETURNING *;
-- INSERT INTO order_product (order_id, product_id) VALUES('1','3') RETURNING *;
-- INSERT INTO order_product (order_id, product_id) VALUES('1','3') RETURNING *;
-- INSERT INTO order_product (order_id, product_id) VALUES('1','4') RETURNING *;
-- INSERT INTO order_product (order_id, product_id) VALUES('1','4') RETURNING *;
-- INSERT INTO order_product (order_id, product_id) VALUES('1','5') RETURNING *;
-- INSERT INTO order_product (order_id, product_id) VALUES('1','5') RETURNING *;
-- INSERT INTO order_product (order_id, product_id) VALUES('1','6') RETURNING *;
-- INSERT INTO order_product (order_id, product_id) VALUES('1','6') RETURNING *;
-- INSERT INTO order_product (order_id, product_id) VALUES('2','7') RETURNING *;
-- INSERT INTO order_product (order_id, product_id) VALUES('2','7') RETURNING *;
-- INSERT INTO order_product (order_id, product_id) VALUES('2','8') RETURNING *;
-- INSERT INTO order_product (order_id, product_id) VALUES('2','8') RETURNING *;
-- INSERT INTO order_product (order_id, product_id) VALUES('2','9') RETURNING *;
-- INSERT INTO order_product (order_id, product_id) VALUES('2','9') RETURNING *;
-- INSERT INTO order_product (order_id, product_id) VALUES('2','10') RETURNING *;
-- INSERT INTO order_product (order_id, product_id) VALUES('2','10') RETURNING *;
-- INSERT INTO order_product (order_id, product_id) VALUES('2','11') RETURNING *;
-- INSERT INTO order_product (order_id, product_id) VALUES('2','11') RETURNING *;
-- INSERT INTO order_product (order_id, product_id) VALUES('2','12') RETURNING *;
-- INSERT INTO order_product (order_id, product_id) VALUES('2','12') RETURNING *;
-- INSERT INTO order_product (order_id, product_id) VALUES('3','1') RETURNING *;
-- INSERT INTO order_product (order_id, product_id) VALUES('3','1') RETURNING *;
-- INSERT INTO order_product (order_id, product_id) VALUES('3','2') RETURNING *;
-- INSERT INTO order_product (order_id, product_id) VALUES('3','2') RETURNING *;
-- INSERT INTO order_product (order_id, product_id) VALUES('3','3') RETURNING *;
-- INSERT INTO order_product (order_id, product_id) VALUES('3','3') RETURNING *;
-- INSERT INTO order_product (order_id, product_id) VALUES('3','4') RETURNING *;
-- INSERT INTO order_product (order_id, product_id) VALUES('3','4') RETURNING *;
-- INSERT INTO order_product (order_id, product_id) VALUES('3','5') RETURNING *;
-- INSERT INTO order_product (order_id, product_id) VALUES('3','5') RETURNING *;
-- INSERT INTO order_product (order_id, product_id) VALUES('3','6') RETURNING *;
-- INSERT INTO order_product (order_id, product_id) VALUES('3','6') RETURNING *;
-- INSERT INTO order_product (order_id, product_id) VALUES('4','7') RETURNING *;
-- INSERT INTO order_product (order_id, product_id) VALUES('4','7') RETURNING *;
-- INSERT INTO order_product (order_id, product_id) VALUES('4','8') RETURNING *;
-- INSERT INTO order_product (order_id, product_id) VALUES('4','8') RETURNING *;
-- INSERT INTO order_product (order_id, product_id) VALUES('4','9') RETURNING *;
-- INSERT INTO order_product (order_id, product_id) VALUES('4','9') RETURNING *;
-- INSERT INTO order_product (order_id, product_id) VALUES('4','10') RETURNING *;
-- INSERT INTO order_product (order_id, product_id) VALUES('4','10') RETURNING *;
-- INSERT INTO order_product (order_id, product_id) VALUES('4','11') RETURNING *;
-- INSERT INTO order_product (order_id, product_id) VALUES('4','11') RETURNING *;
-- INSERT INTO order_product (order_id, product_id) VALUES('4','12') RETURNING *;
-- INSERT INTO order_product (order_id, product_id) VALUES('4','12') RETURNING *;
-- INSERT INTO order_product (order_id, product_id) VALUES('5','1') RETURNING *;
-- INSERT INTO order_product (order_id, product_id) VALUES('5','1') RETURNING *;
-- INSERT INTO order_product (order_id, product_id) VALUES('5','2') RETURNING *;
-- INSERT INTO order_product (order_id, product_id) VALUES('5','2') RETURNING *;
-- INSERT INTO order_product (order_id, product_id) VALUES('5','3') RETURNING *;
-- INSERT INTO order_product (order_id, product_id) VALUES('5','3') RETURNING *;
-- INSERT INTO order_product (order_id, product_id) VALUES('5','4') RETURNING *;
-- INSERT INTO order_product (order_id, product_id) VALUES('5','4') RETURNING *;
-- INSERT INTO order_product (order_id, product_id) VALUES('5','5') RETURNING *;
-- INSERT INTO order_product (order_id, product_id) VALUES('5','5') RETURNING *;
-- INSERT INTO order_product (order_id, product_id) VALUES('5','6') RETURNING *;
-- INSERT INTO order_product (order_id, product_id) VALUES('5','6') RETURNING *;
-- INSERT INTO order_product (order_id, product_id) VALUES('6','7') RETURNING *;
-- INSERT INTO order_product (order_id, product_id) VALUES('6','7') RETURNING *;
-- INSERT INTO order_product (order_id, product_id) VALUES('6','8') RETURNING *;
-- INSERT INTO order_product (order_id, product_id) VALUES('6','8') RETURNING *;
-- INSERT INTO order_product (order_id, product_id) VALUES('6','9') RETURNING *;
-- INSERT INTO order_product (order_id, product_id) VALUES('6','9') RETURNING *;
-- INSERT INTO order_product (order_id, product_id) VALUES('6','10') RETURNING *;
-- INSERT INTO order_product (order_id, product_id) VALUES('6','10') RETURNING *;
-- INSERT INTO order_product (order_id, product_id) VALUES('6','11') RETURNING *;
-- INSERT INTO order_product (order_id, product_id) VALUES('6','11') RETURNING *;
-- INSERT INTO order_product (order_id, product_id) VALUES('6','12') RETURNING *;
-- INSERT INTO order_product (order_id, product_id) VALUES('6','12') RETURNING *;
-- INSERT INTO order_product (order_id, product_id) VALUES('7','1') RETURNING *;
-- INSERT INTO order_product (order_id, product_id) VALUES('7','1') RETURNING *;
-- INSERT INTO order_product (order_id, product_id) VALUES('7','2') RETURNING *;
-- INSERT INTO order_product (order_id, product_id) VALUES('7','2') RETURNING *;
-- INSERT INTO order_product (order_id, product_id) VALUES('7','3') RETURNING *;
-- INSERT INTO order_product (order_id, product_id) VALUES('7','3') RETURNING *;
-- INSERT INTO order_product (order_id, product_id) VALUES('7','4') RETURNING *;
-- INSERT INTO order_product (order_id, product_id) VALUES('7','4') RETURNING *;
-- INSERT INTO order_product (order_id, product_id) VALUES('7','5') RETURNING *;
-- INSERT INTO order_product (order_id, product_id) VALUES('7','5') RETURNING *;
-- INSERT INTO order_product (order_id, product_id) VALUES('7','6') RETURNING *;
-- INSERT INTO order_product (order_id, product_id) VALUES('7','6') RETURNING *;
-- INSERT INTO order_product (order_id, product_id) VALUES('8','7') RETURNING *;
-- INSERT INTO order_product (order_id, product_id) VALUES('8','7') RETURNING *;
-- INSERT INTO order_product (order_id, product_id) VALUES('8','8') RETURNING *;
-- INSERT INTO order_product (order_id, product_id) VALUES('8','8') RETURNING *;
-- INSERT INTO order_product (order_id, product_id) VALUES('8','9') RETURNING *;
-- INSERT INTO order_product (order_id, product_id) VALUES('8','9') RETURNING *;
-- INSERT INTO order_product (order_id, product_id) VALUES('8','10') RETURNING *;
-- INSERT INTO order_product (order_id, product_id) VALUES('8','10') RETURNING *;
-- INSERT INTO order_product (order_id, product_id) VALUES('8','11') RETURNING *;
-- INSERT INTO order_product (order_id, product_id) VALUES('8','11') RETURNING *;
-- INSERT INTO order_product (order_id, product_id) VALUES('8','12') RETURNING *;
-- INSERT INTO order_product (order_id, product_id) VALUES('8','12') RETURNING *;







-- INSERT INTO order_product (order_id, product_id) VALUES('9','1') RETURNING *;
-- INSERT INTO order_product (order_id, product_id) VALUES('9','1') RETURNING *;
-- INSERT INTO order_product (order_id, product_id) VALUES('9','2') RETURNING *;
-- INSERT INTO order_product (order_id, product_id) VALUES('9','2') RETURNING *;
-- INSERT INTO order_product (order_id, product_id) VALUES('9','3') RETURNING *;
-- INSERT INTO order_product (order_id, product_id) VALUES('9','3') RETURNING *;
-- INSERT INTO order_product (order_id, product_id) VALUES('9','4') RETURNING *;
-- INSERT INTO order_product (order_id, product_id) VALUES('9','4') RETURNING *;
-- INSERT INTO order_product (order_id, product_id) VALUES('9','5') RETURNING *;
-- INSERT INTO order_product (order_id, product_id) VALUES('9','5') RETURNING *;
-- INSERT INTO order_product (order_id, product_id) VALUES('9','6') RETURNING *;
-- INSERT INTO order_product (order_id, product_id) VALUES('9','6') RETURNING *;
-- INSERT INTO order_product (order_id, product_id) VALUES('10','7') RETURNING *;
-- INSERT INTO order_product (order_id, product_id) VALUES('10','7') RETURNING *;
-- INSERT INTO order_product (order_id, product_id) VALUES('10','8') RETURNING *;
-- INSERT INTO order_product (order_id, product_id) VALUES('10','8') RETURNING *;
-- INSERT INTO order_product (order_id, product_id) VALUES('10','9') RETURNING *;
-- INSERT INTO order_product (order_id, product_id) VALUES('10','9') RETURNING *;
-- INSERT INTO order_product (order_id, product_id) VALUES('10','10') RETURNING *;
-- INSERT INTO order_product (order_id, product_id) VALUES('10','10') RETURNING *;
-- INSERT INTO order_product (order_id, product_id) VALUES('10','11') RETURNING *;
-- INSERT INTO order_product (order_id, product_id) VALUES('10','11') RETURNING *;
-- INSERT INTO order_product (order_id, product_id) VALUES('10','12') RETURNING *;
-- INSERT INTO order_product (order_id, product_id) VALUES('10','12') RETURNING *;
-- INSERT INTO order_product (order_id, product_id) VALUES('11','1') RETURNING *;
-- INSERT INTO order_product (order_id, product_id) VALUES('11','1') RETURNING *;
-- INSERT INTO order_product (order_id, product_id) VALUES('11','2') RETURNING *;
-- INSERT INTO order_product (order_id, product_id) VALUES('11','2') RETURNING *;
-- INSERT INTO order_product (order_id, product_id) VALUES('11','3') RETURNING *;
-- INSERT INTO order_product (order_id, product_id) VALUES('11','3') RETURNING *;
-- INSERT INTO order_product (order_id, product_id) VALUES('11','4') RETURNING *;
-- INSERT INTO order_product (order_id, product_id) VALUES('11','4') RETURNING *;
-- INSERT INTO order_product (order_id, product_id) VALUES('11','5') RETURNING *;
-- INSERT INTO order_product (order_id, product_id) VALUES('11','5') RETURNING *;
-- INSERT INTO order_product (order_id, product_id) VALUES('11','6') RETURNING *;
-- INSERT INTO order_product (order_id, product_id) VALUES('11','6') RETURNING *;
-- INSERT INTO order_product (order_id, product_id) VALUES('12','7') RETURNING *;
-- INSERT INTO order_product (order_id, product_id) VALUES('12','7') RETURNING *;
-- INSERT INTO order_product (order_id, product_id) VALUES('12','8') RETURNING *;
-- INSERT INTO order_product (order_id, product_id) VALUES('12','8') RETURNING *;
-- INSERT INTO order_product (order_id, product_id) VALUES('12','9') RETURNING *;
-- INSERT INTO order_product (order_id, product_id) VALUES('12','9') RETURNING *;
-- INSERT INTO order_product (order_id, product_id) VALUES('12','10') RETURNING *;
-- INSERT INTO order_product (order_id, product_id) VALUES('12','10') RETURNING *;
-- INSERT INTO order_product (order_id, product_id) VALUES('12','11') RETURNING *;
-- INSERT INTO order_product (order_id, product_id) VALUES('12','11') RETURNING *;
-- INSERT INTO order_product (order_id, product_id) VALUES('12','12') RETURNING *;
-- INSERT INTO order_product (order_id, product_id) VALUES('12','12') RETURNING *;
-- INSERT INTO order_product (order_id, product_id) VALUES('13','1') RETURNING *;
-- INSERT INTO order_product (order_id, product_id) VALUES('13','1') RETURNING *;
-- INSERT INTO order_product (order_id, product_id) VALUES('13','2') RETURNING *;
-- INSERT INTO order_product (order_id, product_id) VALUES('13','2') RETURNING *;
-- INSERT INTO order_product (order_id, product_id) VALUES('13','3') RETURNING *;
-- INSERT INTO order_product (order_id, product_id) VALUES('13','3') RETURNING *;
-- INSERT INTO order_product (order_id, product_id) VALUES('13','4') RETURNING *;
-- INSERT INTO order_product (order_id, product_id) VALUES('13','4') RETURNING *;
-- INSERT INTO order_product (order_id, product_id) VALUES('13','5') RETURNING *;
-- INSERT INTO order_product (order_id, product_id) VALUES('13','5') RETURNING *;
-- INSERT INTO order_product (order_id, product_id) VALUES('13','6') RETURNING *;
-- INSERT INTO order_product (order_id, product_id) VALUES('13','6') RETURNING *;
-- INSERT INTO order_product (order_id, product_id) VALUES('14','7') RETURNING *;
-- INSERT INTO order_product (order_id, product_id) VALUES('14','7') RETURNING *;
-- INSERT INTO order_product (order_id, product_id) VALUES('14','8') RETURNING *;
-- INSERT INTO order_product (order_id, product_id) VALUES('14','8') RETURNING *;
-- INSERT INTO order_product (order_id, product_id) VALUES('14','9') RETURNING *;
-- INSERT INTO order_product (order_id, product_id) VALUES('14','9') RETURNING *;
-- INSERT INTO order_product (order_id, product_id) VALUES('14','10') RETURNING *;
-- INSERT INTO order_product (order_id, product_id) VALUES('14','10') RETURNING *;
-- INSERT INTO order_product (order_id, product_id) VALUES('14','11') RETURNING *;
-- INSERT INTO order_product (order_id, product_id) VALUES('14','11') RETURNING *;
-- INSERT INTO order_product (order_id, product_id) VALUES('14','12') RETURNING *;
-- INSERT INTO order_product (order_id, product_id) VALUES('14','12') RETURNING *;
-- INSERT INTO order_product (order_id, product_id) VALUES('15','1') RETURNING *;
-- INSERT INTO order_product (order_id, product_id) VALUES('15','1') RETURNING *;
-- INSERT INTO order_product (order_id, product_id) VALUES('15','2') RETURNING *;
-- INSERT INTO order_product (order_id, product_id) VALUES('15','2') RETURNING *;
-- INSERT INTO order_product (order_id, product_id) VALUES('15','3') RETURNING *;
-- INSERT INTO order_product (order_id, product_id) VALUES('15','3') RETURNING *;
-- INSERT INTO order_product (order_id, product_id) VALUES('15','4') RETURNING *;
-- INSERT INTO order_product (order_id, product_id) VALUES('15','4') RETURNING *;
-- INSERT INTO order_product (order_id, product_id) VALUES('15','5') RETURNING *;
-- INSERT INTO order_product (order_id, product_id) VALUES('15','5') RETURNING *;
-- INSERT INTO order_product (order_id, product_id) VALUES('15','6') RETURNING *;
-- INSERT INTO order_product (order_id, product_id) VALUES('15','6') RETURNING *;
-- INSERT INTO order_product (order_id, product_id) VALUES('16','7') RETURNING *;
-- INSERT INTO order_product (order_id, product_id) VALUES('16','7') RETURNING *;
-- INSERT INTO order_product (order_id, product_id) VALUES('16','8') RETURNING *;
-- INSERT INTO order_product (order_id, product_id) VALUES('16','8') RETURNING *;
-- INSERT INTO order_product (order_id, product_id) VALUES('16','9') RETURNING *;
-- INSERT INTO order_product (order_id, product_id) VALUES('16','9') RETURNING *;
-- INSERT INTO order_product (order_id, product_id) VALUES('16','10') RETURNING *;
-- INSERT INTO order_product (order_id, product_id) VALUES('16','10') RETURNING *;
-- INSERT INTO order_product (order_id, product_id) VALUES('16','11') RETURNING *;
-- INSERT INTO order_product (order_id, product_id) VALUES('16','11') RETURNING *;
-- INSERT INTO order_product (order_id, product_id) VALUES('16','12') RETURNING *;
-- INSERT INTO order_product (order_id, product_id) VALUES('16','12') RETURNING *;